off_code,product_name,brand,image_url,calories_100g,protein_100g,carbs_100g,fat_100g,completeness,quality_tier,serving_size,no_nutriments,additives_n,additives,additives_tags,ingredients_from_palm_oil_n,ingredients_from_palm_oil,ingredients_from_palm_oil_tags,ingredients_that_may_be_from_palm_oil_n,ingredients_that_may_be_from_palm_oil,ingredients_that_may_be_from_palm_oil_tags,nutrition_grade_fr,main_category,main_category_fr,image_small_url,labels,labels_tags,labels_fr,emb_codes,emb_codes_tags,first_packaging_code_geo,cities,cities_tags,purchase_places,stores,countries,countries_tags,categories,categories_tags
100818950,INHUMAN PRE-WORKOUT,AFTERDARK,https://images.openfoodfacts.org/images/products/000/010/081/8950/front_en.3.400.jpg,0.0,0.0,0.0,0.0,0.74,tier2,1 portion (12.4 g),,,,,,,,,,,,,,https://images.openfoodfacts.org/images/products/000/010/081/8950/front_en.3.200.jpg,,,,,,,,,,,en:United States,en:united-states,,
100894271,Artisjokharten,Boni,https://images.openfoodfacts.org/images/products/000/010/089/4271/front_en.3.400.jpg,39.0,1.5,6.5,0.5,0.76,tier2,100.0g,,,,,,,,,,,,,,https://images.openfoodfacts.org/images/products/000/010/089/4271/front_en.3.200.jpg,Nutriscore,en:nutriscore,,,,,,,,,us,en:united-states,,
103425404,Collagen,4life,https://images.openfoodfacts.org/images/products/000/010/342/5404/front_en.3.400.jpg,30.6000003814697,3.46000003814697,4.05999994277954,0.159999996423721,0.74,tier2,8.0g,,,,,,,,,,,,,,https://images.openfoodfacts.org/images/products/000/010/342/5404/front_en.3.200.jpg,,,,,,,,,,,us,en:united-states,,
103783001,greek yogurt,Chobani,https://images.openfoodfacts.org/images/products/000/010/378/3001/front_en.3.400.jpg,86.666666666667,7.3333333333333,10.666666666667,1.6666666666667,0.76,tier2,,,,,,,,,,,,,en:greek-style-yogurts,,https://images.openfoodfacts.org/images/products/000/010/378/3001/front_en.3.200.jpg,,,,,,,,,,,en:us,en:united-states,"Dairies, Fermented foods, Desserts, Fermented milk products, Dairy desserts, Fermented dairy desserts, Yogurts, Greek-style yogurts","en:dairies,en:fermented-foods,en:fermented-milk-products,en:desserts,en:dairy-desserts,en:fermented-dairy-desserts,en:yogurts,en:greek-style-yogurts"
104052486,Poutargue de mulet râpée 50g,Miyam,https://images.openfoodfacts.org/images/products/000/010/405/2486/front_en.4.400.jpg,377.0,40.5,2.4,22.7,0.74,tier2,5.0g,,,,,,,,,,,,,,https://images.openfoodfacts.org/images/products/000/010/405/2486/front_en.4.200.jpg,,,,,,,,,,,us,en:united-states,,
105000066,Herbal Tea Cinnamon,,https://images.openfoodfacts.org/images/products/000/010/500/0066/front_en.3.400.jpg,0.0,0.0,60.0,0.0,0.7,tier2,,,,,,,,,,,,,en:tea-bags,,https://images.openfoodfacts.org/images/products/000/010/500/0066/front_en.3.200.jpg,,,,,,,,,,,en:us,en:united-states,"Plant-based foods and beverages, Beverages, Hot beverages, Plant-based beverages, Teas, Tea bags","en:plant-based-foods-and-beverages,en:beverages,en:hot-beverages,en:plant-based-beverages,en:teas,en:tea-bags"
105120000,Pillsbury puff pastry,Pillsbury,https://images.openfoodfacts.org/images/products/000/010/512/0000/front_en.3.400.jpg,456.14035087719,5.2631578947368,29.824561403509,33.333333333333,0.68,tier2,,,,,,,,,,,,,,,https://images.openfoodfacts.org/images/products/000/010/512/0000/front_en.3.200.jpg,,,,,,,,,,,en:us,en:united-states,,
105422648,100% Grass-Fed Whey Protein Isolate,Transparent,https://images.openfoodfacts.org/images/products/000/010/542/2648/front_en.3.400.jpg,372.0,80.2,2.87,2.87,0.74,tier2,1 scoop (34.9 g),,,,,,,,,,,,,,https://images.openfoodfacts.org/images/products/000/010/542/2648/front_en.3.200.jpg,,,,,,,,,,,en:United States,en:united-states,,
107343861,Whey Protein Isolate Vanilla,Nutricost,https://images.openfoodfacts.org/images/products/000/010/734/3861/front_en.3.400.jpg,378.0,81.1,5.41,1.35,0.74,tier2,0.333 c (37 g),,,,,,,,,,,,,,https://images.openfoodfacts.org/images/products/000/010/734/3861/front_en.3.200.jpg,,,,,,,,,,,en:United States,en:united-states,,
109160254,Farmer Cheese,,https://images.openfoodfacts.org/images/products/000/010/916/0254/front_en.3.400.jpg,150.0,16.666666666667,3.3333333333333,8.3333333333333,0.64,tier2,,,,,,,,,,,,,,,https://images.openfoodfacts.org/images/products/000/010/916/0254/front_en.3.200.jpg,Kosher,en:kosher,,,,,,,,,en:us,en:united-states,,
109161497,Kefir blueberry,,https://images.openfoodfacts.org/images/products/000/010/916/1497/front_en.3.400.jpg,66.666666666667,3.3333333333333,8.75,2.0833333333333,0.64,tier2,,,,,,,,,,,,,,,https://images.openfoodfacts.org/images/products/000/010/916/1497/front_en.3.200.jpg,No preservatives,en:no-preservatives,,,,,,,,,en:us,en:united-states,,
109161534,Butter,,https://images.openfoodfacts.org/images/products/000/010/916/1534/front_en.3.400.jpg,714.28571428571,0.0,0.0,78.571428571429,0.62,tier2,,,,,,,,,,,,,,,https://images.openfoodfacts.org/images/products/000/010/916/1534/front_en.3.200.jpg,,,,,,,,,,,en:us,en:united-states,,
109161756,Kefir,,https://images.openfoodfacts.org/images/products/000/010/916/1756/front_en.3.400.jpg,45.833333333333,3.3333333333333,5.0,1.25,0.62,tier2,,,,,,,,,,,,,,,https://images.openfoodfacts.org/images/products/000/010/916/1756/front_en.3.200.jpg,,,,,,,,,,,en:us,en:united-states,,
109161763,Probiotic keifer smoothie,,https://images.openfoodfacts.org/images/products/000/010/916/1763/front_en.3.400.jpg,79.166666666667,3.3333333333333,13.333333333333,1.25,0.62,tier2,,,,,,,,,,,,,,,https://images.openfoodfacts.org/images/products/000/010/916/1763/front_en.3.200.jpg,,,,,,,,,,,en:us,en:united-states,,
109161800,Kefir Strawberry,,https://images.openfoodfacts.org/images/products/000/010/916/1800/front_en.3.400.jpg,269.23076923077,15.384615384615,38.461538461538,5.7692307692308,0.62,tier2,,,,,,,,,,,,,,,https://images.openfoodfacts.org/images/products/000/010/916/1800/front_en.3.200.jpg,,,,,,,,,,,en:us,en:united-states,,
109162470,Cottage Cheese with Chives,,https://images.openfoodfacts.org/images/products/000/010/916/2470/front_en.3.400.jpg,95.0,8.0,6.5,4.0,0.62,tier2,,,,,,,,,,,,,,,https://images.openfoodfacts.org/images/products/000/010/916/2470/front_en.3.200.jpg,,,,,,,,,,,en:us,en:united-states,,
109162548,Yogurt,,https://images.openfoodfacts.org/images/products/000/010/916/2548/front_en.3.400.jpg,70.588235294118,3.5294117647059,7.0588235294118,3.5294117647059,0.64,tier2,,,,,,,,,,,,,,,https://images.openfoodfacts.org/images/products/000/010/916/2548/front_en.3.200.jpg,"No gluten, Kosher","en:no-gluten,en:kosher",,,,,,,,,en:us,en:united-states,,
109162562,Twaróg,Ludwig Dairy,https://images.openfoodfacts.org/images/products/000/010/916/2562/front_en.3.400.jpg,117.0,16.7,3.33,3.33,0.76,tier2,2 tbsp (30 g),,,,,,,,,,,,,,https://images.openfoodfacts.org/images/products/000/010/916/2562/front_en.3.200.jpg,"Kosher, No preservatives","en:kosher,en:no-preservatives",,,,,,,,,en:us,en:united-states,,
109165808,Farmer cheese,,https://images.openfoodfacts.org/images/products/000/010/916/5808/front_en.3.400.jpg,116.66666666667,16.666666666667,3.3333333333333,3.3333333333333,0.72,tier2,,,,,,,,,,,,,en:cheeses,,https://images.openfoodfacts.org/images/products/000/010/916/5808/front_en.3.200.jpg,Kosher,en:kosher,,,,,,,,,en:us,en:united-states,"Dairies, Fermented foods, Fermented milk products, Cheeses","en:dairies,en:fermented-foods,en:fermented-milk-products,en:cheeses"
109670166,Lemoniada,,https://images.openfoodfacts.org/images/products/000/010/967/0166/front_en.3.400.jpg,36.619718309859,0.0,8.7323943661972,0.0,0.62,tier2,,,,,,,,,,,,,,,https://images.openfoodfacts.org/images/products/000/010/967/0166/front_en.3.200.jpg,,,,,,,,,,,en:us,en:united-states,,
110000303,Good Chop Beef Ribeye Steak,,https://images.openfoodfacts.org/images/products/000/011/000/0303/front_en.3.400.jpg,253.52112676056,18.30985915493,0.0,19.718309859155,0.7,tier2,,,0.0,,,,,,,,,,,,https://images.openfoodfacts.org/images/products/000/011/000/0303/front_en.3.200.jpg,,,,,,,,,,,en:us,en:united-states,,
110000402,Beef Ribeye Steak,Good Chop,https://images.openfoodfacts.org/images/products/000/011/000/0402/front_en.5.400.jpg,335.0,16.8,0.0,29.1,0.74,tier2,1 portion (4 oz),,,,,,,,,,,,,,https://images.openfoodfacts.org/images/products/000/011/000/0402/front_en.5.200.jpg,,,,,,,,,,,en:United States,en:united-states,,
110003700,Ground Bison,Good Chop,https://images.openfoodfacts.org/images/products/000/011/000/3700/front_en.3.400.jpg,168.0,19.4,0.0,9.7,0.74,tier2,1 serving (113.398 g),,,,,,,,,,,,,,https://images.openfoodfacts.org/images/products/000/011/000/3700/front_en.3.200.jpg,,,,,,,,,,,en:us,en:united-states,,
110007081,Beef Burger Patties,Good Chop,https://images.openfoodfacts.org/images/products/000/011/000/7081/front_en.3.400.jpg,212.0,18.5,0.0,15.2,0.74,tier2,1 portion (151.103 g),,,,,,,,,,,,,,https://images.openfoodfacts.org/images/products/000/011/000/7081/front_en.3.200.jpg,,,,,,,,,,,en:United States,en:united-states,,
110007302,Beef Porterhouse Steak,Good Chop,https://images.openfoodfacts.org/images/products/000/011/000/7302/front_en.3.400.jpg,232.0,19.6,0.0,16.1,0.74,tier2,1 portion (112 g),,,,,,,,,,,,,,https://images.openfoodfacts.org/images/products/000/011/000/7302/front_en.3.200.jpg,,,,,,,,,,,en:United States,en:united-states,,
110007500,Beef Tri-Tip,Good Chop,https://images.openfoodfacts.org/images/products/000/011/000/7500/nutrition_en.3.400.jpg,170.0,20.5,0.0,9.82,0.74,tier2,1 portion (112 g),,,,,,,,,,,,,,,,,,,,,,,,,en:United States,en:united-states,,
110007906,Beef Dices For Tacos,Good Chop,https://images.openfoodfacts.org/images/products/000/011/000/7906/front_en.3.400.jpg,161.0,20.5,0.0,8.04,0.74,tier2,1 portion (112 g),,,,,,,,,,,,,,https://images.openfoodfacts.org/images/products/000/011/000/7906/front_en.3.200.jpg,,,,,,,,,,,en:United States,en:united-states,,
110009405,Ribeye Steak,Reserve Good Chop,https://images.openfoodfacts.org/images/products/000/011/000/9405/front_tr.8.400.jpg,250.0,18.8,0.0,19.6,0.74,tier2,4 ox (112 g),,,,,,,,,,,,,,https://images.openfoodfacts.org/images/products/000/011/000/9405/front_tr.8.200.jpg,,,,,,,,,,,en:United States,en:united-states,,
110010708,Chuck & Short Rib Beef Burger Patties,Good Chop,https://images.openfoodfacts.org/images/products/000/011/001/0708/front_en.3.400.jpg,248.0,16.8,0.0,19.5,0.74,tier2,1 patty (113 g),,,,,,,,,,,,,,https://images.openfoodfacts.org/images/products/000/011/001/0708/front_en.3.200.jpg,,,,,,,,,,,en:United States,en:united-states,,
110016539,Almond Butter,Member's Mark,https://images.openfoodfacts.org/images/products/000/011/001/6539/front_en.3.400.jpg,625.0,21.875,6.25,53.125,0.78,tier2,,,,,,,,,,,,,en:almond-butters,,https://images.openfoodfacts.org/images/products/000/011/001/6539/front_en.3.200.jpg,No gluten,en:no-gluten,,,,,,,,,en:us,en:united-states,"Plant-based foods and beverages, Plant-based foods, Spreads, Nuts and their products, Plant-based spreads, Oilseed purees, Nut butters, Almond butters","en:plant-based-foods-and-beverages,en:plant-based-foods,en:spreads,en:nuts-and-their-products,en:plant-based-spreads,en:oilseed-purees,en:nut-butters,en:almond-butters"
111222049,Water,,https://images.openfoodfacts.org/images/products/000/011/122/2049/front_en.3.400.jpg,0.14084507042254,0.0,0.0,0.0,0.62,tier2,,,,,,,,,,,,,,,https://images.openfoodfacts.org/images/products/000/011/122/2049/front_en.3.200.jpg,,,,,,,,,,,en:us,en:united-states,,
1113,Pâté de sanglier supérieur truffé à 4 %,,https://images.openfoodfacts.org/images/products/000/000/000/1113/front_en.9.400.jpg,656.25,21.875,18.75,53.125,0.7,tier2,,,,,,,,,,,,,en:almond-butters,,https://images.openfoodfacts.org/images/products/000/000/000/1113/front_en.9.200.jpg,,,,,,,,,,,en:us,en:united-states,"Plant-based foods and beverages, Plant-based foods, Spreads, Nuts and their products, Plant-based spreads, Oilseed purees, Nut butters, Almond butters","en:plant-based-foods-and-beverages,en:plant-based-foods,en:spreads,en:nuts-and-their-products,en:plant-based-spreads,en:oilseed-purees,en:nut-butters,en:almond-butters"
112233973,Chicken bacon ranch salad,Exec dining express,https://images.openfoodfacts.org/images/products/000/011/223/3973/front_en.3.400.jpg,122.516556291391,10.5960264900662,9.27152317880795,4.96688741721854,0.74,tier2,302.0g,,,,,,,,,,,,,,https://images.openfoodfacts.org/images/products/000/011/223/3973/front_en.3.200.jpg,,,,,,,,,,,us,en:united-states,,
1160,Organic Black Chia Seeds,"Bistro MD, Terrasoul SuperFoods",https://images.openfoodfacts.org/images/products/000/000/000/1160/front_en.7.400.jpg,382.352941176471,32.3529411764706,44.1176470588235,8.82352941176471,0.76,tier2,34.0g,,,,,,,,,,,,,,https://images.openfoodfacts.org/images/products/000/000/000/1160/front_en.7.200.jpg,"Organic, No GMOs, Non GMO project","en:organic,en:no-gmos,en:non-gmo-project",,,,,,,,,"us, World","en:united-states,en:world",,
1162,Organic Cacao Butter,"Eats, Terrasoul SuperFoods",https://images.openfoodfacts.org/images/products/000/000/000/1162/front_en.3.400.jpg,382.352941176471,32.3529411764706,44.1176470588235,8.82352941176471,0.76,tier2,34.0g,,,,,,,,,,,,,,https://images.openfoodfacts.org/images/products/000/000/000/1162/front_en.3.200.jpg,"Organic, No GMOs, Non GMO project","en:organic,en:no-gmos,en:non-gmo-project",,,,,,,,,"us, World","en:united-states,en:world",,
1172,Espresso Fudge Cookie Bites,BistroMD,https://images.openfoodfacts.org/images/products/000/000/000/1172/front_en.3.400.jpg,382.352941176471,32.3529411764706,50.0,7.35294117647059,0.74,tier2,34.0g,,,,,,,,,,,,,,https://images.openfoodfacts.org/images/products/000/000/000/1172/front_en.3.200.jpg,,,,,,,,,,,us,en:united-states,,
118120238,Traditional,,https://images.openfoodfacts.org/images/products/000/011/812/0238/front_en.3.400.jpg,58.333333333333,1.6666666666667,10.0,0.83333333333333,0.62,tier2,,,,,,,,,,,,,,,https://images.openfoodfacts.org/images/products/000/011/812/0238/front_en.3.200.jpg,,,,,,,,,,,en:us,en:united-states,,
120644412,Star pasta,Sainsbury’s,https://images.openfoodfacts.org/images/products/000/012/064/4412/front_en.3.400.jpg,164.0,5.5,33.2000007629395,0.699999988079071,0.76,tier2,100.0g,,,,,,,,,,,,,,https://images.openfoodfacts.org/images/products/000/012/064/4412/front_en.3.200.jpg,,,,,,,,,,Sainsbury's,us,en:united-states,,
123030022,Nut Butter Bar,Clif,https://images.openfoodfacts.org/images/products/000/012/303/0022/front_en.3.400.jpg,0.230000004172325,7.0,27.0,11.0,0.74,tier2,50.0g,,,,,,,,,,,,,,https://images.openfoodfacts.org/images/products/000/012/303/0022/front_en.3.200.jpg,,,,,,,,,,,us,en:united-states,,
123402839,McFlurry Malteaser,McDonald’s,https://images.openfoodfacts.org/images/products/000/012/340/2839/front_en.3.400.jpg,133.0,2.65000009536743,19.0,5.0,0.74,tier2,200.0g,,,,,,,,,,,,,,https://images.openfoodfacts.org/images/products/000/012/340/2839/front_en.3.200.jpg,,,,,,,,,,,us,en:united-states,,
128100086,Nut Butter Bar,Clif,https://images.openfoodfacts.org/images/products/000/012/810/0086/front_en.3.400.jpg,460.0,18.0,52.0,22.0,0.76,tier2,50.0g,,,,,,,,,,,,,,https://images.openfoodfacts.org/images/products/000/012/810/0086/front_en.3.200.jpg,"Organic, Canada Organic","en:organic,en:canada-organic",,,,,,,,,us,en:united-states,,
128150033,Energy bar brownie,Clifs,https://images.openfoodfacts.org/images/products/000/012/815/0033/front_en.3.400.jpg,100.0,4.0,18.0,2.5,0.74,tier2,1.0g,,,,,,,,,,,,,,https://images.openfoodfacts.org/images/products/000/012/815/0033/front_en.3.200.jpg,,,,,,,,,,,us,en:united-states,,
128150224,Chocolate Brownie,Cliff Bar,https://images.openfoodfacts.org/images/products/000/012/815/0224/front_en.3.400.jpg,357.142857142857,14.2857142857143,64.2857142857143,8.92857142857143,0.74,tier2,28.0g,,,,,,,,,,,,,,https://images.openfoodfacts.org/images/products/000/012/815/0224/front_en.3.200.jpg,,,,,,,,,,,us,en:united-states,,
129028012,Brochette de bœuf marinée,Delhaize,https://images.openfoodfacts.org/images/products/000/012/902/8012/front_en.3.400.jpg,109.0,20.0,3.20000004768372,1.89999997615814,0.74,tier2,100.0g,,,,,,,,,,,,,,https://images.openfoodfacts.org/images/products/000/012/902/8012/front_en.3.200.jpg,,,,,,,,,,,us,en:united-states,,
1345,Roquefort Papillon Black pr Kg,Oluf lorentzen as,https://images.openfoodfacts.org/images/products/000/000/000/1345/front_en.9.400.jpg,367.0,16.0,16.0,24.5,0.76,tier2,94 g,,,,,,,,,,,,,,https://images.openfoodfacts.org/images/products/000/000/000/1345/front_en.9.200.jpg,No gluten,en:no-gluten,,,,,,,,,en:United States,en:united-states,,
1353,Kartoffelbrei mit Blattspinat,Maggi . 5 Minuten Terrine,https://images.openfoodfacts.org/images/products/000/000/000/1353/front_en.5.400.jpg,76.0,2.09999990463257,12.5,1.79999995231628,0.74,tier2,237.0g,,,,,,,,,,,,,,https://images.openfoodfacts.org/images/products/000/000/000/1353/front_en.5.200.jpg,,,,,,,,,,,us,en:united-states,,
136726562,Mixed Berry Fruit & Grain Bar,Great Value,https://images.openfoodfacts.org/images/products/000/013/672/6562/front_en.3.400.jpg,351.0,2.7,64.9,8.11,0.74,tier2,37g,,,,,,,,,,,,,,https://images.openfoodfacts.org/images/products/000/013/672/6562/front_en.3.200.jpg,,,,,,,,,,,en:United States,en:united-states,,
136794492,Peanut Butter Chocolate Chip Granola Bar,Great Value,https://images.openfoodfacts.org/images/products/000/013/679/4492/front_en.3.400.jpg,417.0,8.33,70.8,12.5,0.74,tier2,24g,,,,,,,,,,,,,,https://images.openfoodfacts.org/images/products/000/013/679/4492/front_en.3.200.jpg,,,,,,,,,,,en:United States,en:united-states,,
142326802,Lulu lemon,,https://images.openfoodfacts.org/images/products/000/014/232/6802/front_en.3.400.jpg,10.0,73.0,1.2,30.0,0.62,tier2,,,,,,,,,,,,,,,https://images.openfoodfacts.org/images/products/000/014/232/6802/front_en.3.200.jpg,,,,,,,,,,,en:us,en:united-states,,
147301834,patty bites,,https://images.openfoodfacts.org/images/products/000/014/730/1834/front_en.3.400.jpg,900.0,0.0,50.0,50.0,0.62,tier2,,,,,,,,,,,,,,,https://images.openfoodfacts.org/images/products/000/014/730/1834/front_en.3.200.jpg,,,,,,,,,,,en:us,en:united-states,,
1517,whirly pop,,https://images.openfoodfacts.org/images/products/000/000/000/1517/front_en.3.400.jpg,400.0,0.0,100.0,0.0,0.62,tier2,,,,,,,,,,,,,,,https://images.openfoodfacts.org/images/products/000/000/000/1517/front_en.3.200.jpg,,,,,,,,,,,en:us,en:united-states,,
154063184,Wonder whell,,https://images.openfoodfacts.org/images/products/000/015/406/3184/front_en.3.400.jpg,375.0,0.0,100.0,0.0,0.62,tier2,,,,,,,,,,,,,,,https://images.openfoodfacts.org/images/products/000/015/406/3184/front_en.3.200.jpg,,,,,,,,,,,en:us,en:united-states,,
170780825,Hummus,Skinny Dippin,https://images.openfoodfacts.org/images/products/000/017/078/0825/front_en.3.400.jpg,70.0,2.0,5.0,5.0,0.76,tier2,30.0g,,,,,,,,,,,,,,https://images.openfoodfacts.org/images/products/000/017/078/0825/front_en.3.200.jpg,No preservatives,en:no-preservatives,,,,,,,,,us,en:united-states,,
172211595,"Hard Red Wheat, Organic",Azure Standard,https://images.openfoodfacts.org/images/products/000/017/221/1595/front_en.3.400.jpg,356.0,15.6,71.1,2.22,0.76,tier2,45 g,,,,,,,,,,,,,,https://images.openfoodfacts.org/images/products/000/017/221/1595/front_en.3.200.jpg,Kosher,en:kosher,,,,,,,,,en:United States,en:united-states,,
199000000,Organic Coconut Sparkling Spring Water,,https://images.openfoodfacts.org/images/products/000/019/900/0000/front_en.3.400.jpg,0.0,0.0,0.0,0.0,0.7,tier2,,,,,,,,,,,,,en:waters,,https://images.openfoodfacts.org/images/products/000/019/900/0000/front_en.3.200.jpg,,,,,,,,,,,en:us,en:united-states,"Beverages, Waters","en:beverages,en:waters"
201767268,Dynamatize ISO100 Chocolate,Dynamatize,https://images.openfoodfacts.org/images/products/000/020/176/7268/front_en.3.400.jpg,375.0,78.1,6.25,3.12,0.74,tier2,1 scoop (32 g),,,,,,,,,,,,,,https://images.openfoodfacts.org/images/products/000/020/176/7268/front_en.3.200.jpg,,,,,,,,,,,en:United States,en:united-states,,
205148010,Sugar free,,https://images.openfoodfacts.org/images/products/000/020/514/8010/front_en.3.400.jpg,200.0,0.0,70.0,0.0,0.62,tier2,,,,,,,,,,,,,,,https://images.openfoodfacts.org/images/products/000/020/514/8010/front_en.3.200.jpg,,,,,,,,,,,en:us,en:united-states,,
210001002,Boneless Pork Butt,Good Chop,https://images.openfoodfacts.org/images/products/000/021/000/1002/front_en.3.400.jpg,188.0,17.9,0.0,12.5,0.74,tier2,1 portion (112 g),,,,,,,,,,,,,,https://images.openfoodfacts.org/images/products/000/021/000/1002/front_en.3.200.jpg,,,,,,,,,,,en:United States,en:united-states,,
210001101,Bacon,,https://images.openfoodfacts.org/images/products/000/021/000/1101/front_en.3.400.jpg,454.54545454545,9.0909090909091,0.0,40.909090909091,0.62,tier2,,,,,,,,,,,,,,,https://images.openfoodfacts.org/images/products/000/021/000/1101/front_en.3.200.jpg,,,,,,,,,,,en:us,en:united-states,,
210002306,Boneless Pork Chops,Good Chop,https://images.openfoodfacts.org/images/products/000/021/000/2306/front_en.4.400.jpg,198.0,30.0,0.0,7.93,0.74,tier2,1 portion (227 g),,,,,,,,,,,,,,https://images.openfoodfacts.org/images/products/000/021/000/2306/front_en.4.200.jpg,,,,,,,,,,,en:United States,en:united-states,,
229560329,Texas Pete Seafood Cocktail Sauce,,https://images.openfoodfacts.org/images/products/000/022/956/0329/front_en.3.400.jpg,116.66666666667,1.6666666666667,25.0,0.0,0.62,tier2,,,,,,,,,,,,,,,https://images.openfoodfacts.org/images/products/000/022/956/0329/front_en.3.200.jpg,,,,,,,,,,,en:us,en:united-states,,
234000326,Vegetable Lasagna,Amy’s,https://images.openfoodfacts.org/images/products/000/023/400/0326/front_en.3.400.jpg,130.111524163569,5.94795539033457,14.8698884758364,5.20446096654275,0.74,tier2,269.0g,,,,,,,,,,,,,,https://images.openfoodfacts.org/images/products/000/023/400/0326/front_en.3.200.jpg,,,,,,,,,,,us,en:united-states,,
241178179,Cinnamon Chip Bran Muffin Mix,The Prepared Pantry,https://images.openfoodfacts.org/images/products/000/024/117/8179/front_en.3.400.jpg,435.0,6.69,65.3,18.4,0.74,tier2,1 portion (59.75 g),,,,,,,,,,,,,,https://images.openfoodfacts.org/images/products/000/024/117/8179/front_en.3.200.jpg,,,,,,,,,,,en:United States,en:united-states,,
241256907,Udon,,https://images.openfoodfacts.org/images/products/000/024/125/6907/front_en.3.400.jpg,131.25,3.75,30.0,0.0,0.7,tier2,,,,,,,,,,,,,en:udon,,https://images.openfoodfacts.org/images/products/000/024/125/6907/front_en.3.200.jpg,,,,,,,,,,,en:us,en:united-states,"Plant-based foods and beverages, Plant-based foods, Pastas, Udon","en:plant-based-foods-and-beverages,en:plant-based-foods,en:pastas,en:udon"
2547,Occelli con frutta e grappa moscato,Beppino Occelli,https://images.openfoodfacts.org/images/products/000/000/000/2547/front_en.3.400.jpg,374.0,19.0,13.0,25.0,0.74,tier2,30.0g,,,,,,,,,,,,,,https://images.openfoodfacts.org/images/products/000/000/000/2547/front_en.3.200.jpg,,,,,,,,,,,us,en:united-states,,
258406906,Scrumptious cookies,,https://images.openfoodfacts.org/images/products/000/025/840/6906/front_en.3.400.jpg,625.0,6.25,50.0,31.25,0.62,tier2,,,,,,,,,,,,,,,https://images.openfoodfacts.org/images/products/000/025/840/6906/front_en.3.200.jpg,,,,,,,,,,,en:us,en:united-states,,
2591,plantain chips,,https://images.openfoodfacts.org/images/products/000/000/000/2591/front_en.3.400.jpg,566.66666666667,4.0,60.0,33.333333333333,0.7,tier2,,,,,,,,,,,,,en:plantain-chips,,https://images.openfoodfacts.org/images/products/000/000/000/2591/front_en.3.200.jpg,,,,,,,,,,,en:us,en:united-states,Plantain chips,en:plantain-chips
2686,Chicken Spaghetti,,https://images.openfoodfacts.org/images/products/000/000/000/2686/front_en.5.400.jpg,159.0,11.8,15.3,5.59,0.76,tier2,340g,,0.0,,,,,,,,,,,,https://images.openfoodfacts.org/images/products/000/000/000/2686/front_en.5.200.jpg,,,,,,,,,,,en:united-states,en:united-states,,
283296022,Redberry Legend Pre workout,Ghost,https://images.openfoodfacts.org/images/products/000/028/329/6022/front_en.3.400.jpg,5.88,0.0,0.0,0.0,0.76,tier2,2 scoops (17 g),,,,,,,,,,,,,,https://images.openfoodfacts.org/images/products/000/028/329/6022/front_en.3.200.jpg,"Vegetarian, Vegan, en:no-gluten","en:no-gluten,en:vegetarian,en:vegan",,,,,,,,,en:United States,en:united-states,,
2958,Oat Groats,Unpretentious Baker,https://images.openfoodfacts.org/images/products/000/000/000/2958/front_en.3.400.jpg,652.0,30.4,113.0,13.0,0.76,tier2,23 g,,,,,,,,,,,,,,https://images.openfoodfacts.org/images/products/000/000/000/2958/front_en.3.200.jpg,en:vegan,"en:vegetarian,en:vegan",,,,,,,,,en:United States,en:united-states,,
299928689,Herb grilled chicken,Meal simple by h-e-b,https://images.openfoodfacts.org/images/products/000/029/992/8689/front_en.3.400.jpg,105.633802816901,9.15492957746479,5.98591549295775,5.28169014084507,0.74,tier2,284.0g,,,,,,,,,,,,,,https://images.openfoodfacts.org/images/products/000/029/992/8689/front_en.3.200.jpg,,,,,,,,,,,us,en:united-states,,
300057854,Protein Instant Oatmeal,Quaker,https://images.openfoodfacts.org/images/products/000/030/005/7854/front_en.3.400.jpg,360.0,20.0,62.0,6.0,0.76,tier2,1 packet (50 g),,,,,,,,,,,,,,https://images.openfoodfacts.org/images/products/000/030/005/7854/front_en.3.200.jpg,en:no-added-sugar,en:no-added-sugar,,,,,,,,,en:United States,en:united-states,,
3025,G-LABZ PROTEIN,G-LABZ,https://images.openfoodfacts.org/images/products/000/000/000/3025/ingredients_lt.25.400.jpg,396.0,80.0,16.5,0.5,0.74,tier2,30 g,,,,,,,,,,,,,,,,,,,,,,,,,"États-Unis, en:fr","en:france,en:united-states",,
3067,Axio Red Raspberry,LifeVantage,https://images.openfoodfacts.org/images/products/000/000/000/3067/front_en.3.400.jpg,300.0,0.0,80.0,0.0,0.76,tier2,,,6.0,,"en:e296,en:e330,en:e412,en:e414,en:e415,en:e960",,,,,,,,,,https://images.openfoodfacts.org/images/products/000/000/000/3067/front_en.3.200.jpg,,,,,,,,,,,en:united-states,en:united-states,,
309074801,Manti,Suntat,https://images.openfoodfacts.org/images/products/000/030/907/4801/front_en.3.400.jpg,247.0,11.0,37.0,8.69999980926514,0.74,tier2,100.0g,,,,,,,,,,,,,,https://images.openfoodfacts.org/images/products/000/030/907/4801/front_en.3.200.jpg,,,,,,,,,,,us,en:united-states,,
310000202,Boneless skinless chicken thighs,Good Chop,https://images.openfoodfacts.org/images/products/000/031/000/0202/front_en.3.400.jpg,143.0,19.6,0.0,7.14,0.74,tier2,1 serving (112 g),,,,,,,,,,,,,,https://images.openfoodfacts.org/images/products/000/031/000/0202/front_en.3.200.jpg,,,,,,,,,,,en:us,en:united-states,,
310001100,Chicken Wings,Good Chop,https://images.openfoodfacts.org/images/products/000/031/000/1100/front_en.3.400.jpg,188.0,17.9,0.0,12.5,0.76,tier2,1 portion (112 g),,,,,,,,,,,,,,https://images.openfoodfacts.org/images/products/000/031/000/1100/front_en.3.200.jpg,en:no-gluten,en:no-gluten,,,,,,,,,en:United States,en:united-states,,
310001704,Boneless Skinless Chicken Breasts,Good Chop,https://images.openfoodfacts.org/images/products/000/031/000/1704/front_en.3.400.jpg,116.0,22.3,0.0,2.68,0.74,tier2,1 portion (112 g),,,,,,,,,,,,,,https://images.openfoodfacts.org/images/products/000/031/000/1704/front_en.3.200.jpg,,,,,,,,,,,en:United States,en:united-states,,
310769109,Italian Gelato,,https://images.openfoodfacts.org/images/products/000/031/076/9109/front_en.3.400.jpg,114.66666666667,1.3333333333333,24.0,2.6666666666667,0.62,tier2,,,,,,,,,,,,,,,https://images.openfoodfacts.org/images/products/000/031/076/9109/front_en.3.200.jpg,,,,,,,,,,,en:us,en:united-states,,
313676213,Dadler,Ferdig preppa,https://images.openfoodfacts.org/images/products/000/031/367/6213/front_en.3.400.jpg,315.0,2.20000004768372,72.0,0.400000005960464,0.74,tier2,22.5g,,,,,,,,,,,,,,https://images.openfoodfacts.org/images/products/000/031/367/6213/front_en.3.200.jpg,,,,,,,,,,,us,en:united-states,,
3188,Mind And Body,Lifevantage,https://images.openfoodfacts.org/images/products/000/000/000/3188/front_en.8.400.jpg,184.0,4.61,78.3,4.61,0.74,tier2,1 portion (21.7 g),,,,,,,,,,,,,,https://images.openfoodfacts.org/images/products/000/000/000/3188/front_en.8.200.jpg,,,,,,,,,,,en:United States,en:united-states,,
321237789,Burger,Carrefour extra,https://images.openfoodfacts.org/images/products/000/032/123/7789/front_en.4.400.jpg,311.0,11.0,49.0,7.19999980926514,0.74,tier2,80.0g,,,,,,,,,,,,,,https://images.openfoodfacts.org/images/products/000/032/123/7789/front_en.4.200.jpg,,,,,,,,,,,us,en:united-states,,
322609110,Melon and pineapple,Tescos,https://images.openfoodfacts.org/images/products/000/032/260/9110/front_en.5.400.jpg,35.0,0.400000005960464,7.59999990463257,0.200000002980232,0.76,tier2,100.0g,,,,,,,,,,,,,,https://images.openfoodfacts.org/images/products/000/032/260/9110/front_en.5.200.jpg,,,,,,,,,,Tesco,us,en:united-states,,
333033300,Protein Powder,NC-Nature’s Choice ✅,https://images.openfoodfacts.org/images/products/000/033/303/3300/front_en.3.400.jpg,350.0,71.0,10.0,2.0,0.74,tier2,30 g,,,,,,,,,,,,,,https://images.openfoodfacts.org/images/products/000/033/303/3300/front_en.3.200.jpg,,,,,,,,,,,en:United States,en:united-states,,
333333165,Ranch dressing &Dip,,https://images.openfoodfacts.org/images/products/000/033/333/3165/front_en.3.400.jpg,466.66666666667,3.3333333333333,3.3333333333333,53.333333333333,0.62,tier2,,,,,,,,,,,,,,,https://images.openfoodfacts.org/images/products/000/033/333/3165/front_en.3.200.jpg,,,,,,,,,,,en:us,en:united-states,,
333333356,Atwood's Ranch Dressing,,https://images.openfoodfacts.org/images/products/000/033/333/3356/front_en.3.400.jpg,466.66666666667,3.3333333333333,3.3333333333333,53.333333333333,0.62,tier2,,,,,,,,,,,,,,,https://images.openfoodfacts.org/images/products/000/033/333/3356/front_en.3.200.jpg,,,,,,,,,,,en:us,en:united-states,,
334747398,Trader Joe’s peanut udon,,https://images.openfoodfacts.org/images/products/000/033/474/7398/front_en.3.400.jpg,220.0,7.0,28.0,10.0,0.68,tier2,333.0g,,,,,,,,,,,,,,https://images.openfoodfacts.org/images/products/000/033/474/7398/front_en.3.200.jpg,,,,,,,,,,,us,en:united-states,,
337454330,"Apple, grape, and strawberry",Sainsburys,https://images.openfoodfacts.org/images/products/000/033/745/4330/front_en.3.400.jpg,54.0,0.600000023841858,11.6000003814697,0.5,0.74,tier2,135.0g,,,,,,,,,,,,,,https://images.openfoodfacts.org/images/products/000/033/745/4330/front_en.3.200.jpg,,,,,,,,,,,us,en:united-states,,
340100095,Banana bread,,https://images.openfoodfacts.org/images/products/000/034/010/0095/front_fr.3.400.jpg,0.80645161290323,4.0322580645161,44.354838709677,12.903225806452,0.62,tier2,,,,,,,,,,,,,,,https://images.openfoodfacts.org/images/products/000/034/010/0095/front_fr.3.200.jpg,,,,,,,,,,,États-Unis,en:united-states,,
344035966,Brief Bio Mandel ohne Zucker,Brief,https://images.openfoodfacts.org/images/products/000/034/403/5966/front_en.3.400.jpg,14.0,0.5,0.5,1.20000004768372,0.74,tier2,150.0g,,,,,,,,,,,,,,https://images.openfoodfacts.org/images/products/000/034/403/5966/front_en.3.200.jpg,,,,,,,,,,,us,en:united-states,,
354999181,Whey based superfood nutrion shake,,https://images.openfoodfacts.org/images/products/000/035/499/9181/front_en.3.400.jpg,390.24390243902,41.463414634146,43.90243902439,4.8780487804878,0.62,tier2,,,,,,,,,,,,,,,https://images.openfoodfacts.org/images/products/000/035/499/9181/front_en.3.200.jpg,,,,,,,,,,,en:us,en:united-states,,
364910052,Yellow Split Pea Tumeric Daal,Re:Nourish,https://images.openfoodfacts.org/images/products/000/036/491/0052/front_en.3.400.jpg,38.0,1.79999995231628,6.30000019073486,0.699999988079071,0.74,tier2,500.0g,,,,,,,,,,,,,,https://images.openfoodfacts.org/images/products/000/036/491/0052/front_en.3.200.jpg,,,,,,,,,,,us,en:united-states,,
365852373,Shakeology,,https://images.openfoodfacts.org/images/products/000/036/585/2373/front_en.3.400.jpg,421.05263157895,42.105263157895,39.473684210526,7.8947368421053,0.64,tier2,,,,,,,,,,,,,,,https://images.openfoodfacts.org/images/products/000/036/585/2373/front_en.3.200.jpg,"No gluten, Vegetarian, Vegan","en:no-gluten,en:vegetarian,en:vegan",,,,,,,,,en:us,en:united-states,,
366109505,Bryce,,https://images.openfoodfacts.org/images/products/000/036/610/9505/front_en.3.400.jpg,125.0,6.25,17.1875,3.125,0.62,tier2,,,,,,,,,,,,,,,https://images.openfoodfacts.org/images/products/000/036/610/9505/front_en.3.200.jpg,,,,,,,,,,,en:us,en:united-states,,
370002994,Cinnamon Bread,,https://images.openfoodfacts.org/images/products/000/037/000/2994/front_en.3.400.jpg,290.32258064516,6.4516129032258,54.838709677419,4.8387096774194,0.62,tier2,,,,,,,,,,,,,,,https://images.openfoodfacts.org/images/products/000/037/000/2994/front_en.3.200.jpg,,,,,,,,,,,en:us,en:united-states,,
376667647,Egg Bites - cheddar & bacon,Trader Joe’s,https://images.openfoodfacts.org/images/products/000/037/666/7647/front_en.3.400.jpg,201.680672268908,13.4453781512605,5.04201680672269,13.4453781512605,0.74,tier2,119.0g,,,,,,,,,,,,,,https://images.openfoodfacts.org/images/products/000/037/666/7647/front_en.3.200.jpg,,,,,,,,,,,us,en:united-states,,
3896,Fresh ground peanut butter,,https://images.openfoodfacts.org/images/products/000/000/000/3896/front_en.3.400.jpg,593.75,25.0,21.875,50.0,0.7,tier2,,,,,,,,,,,,,en:peanut-butters,,https://images.openfoodfacts.org/images/products/000/000/000/3896/front_en.3.200.jpg,,,,,,,,,,,en:us,en:united-states,en:peanut-butters,"en:plant-based-foods-and-beverages,en:plant-based-foods,en:legumes-and-their-products,en:spreads,en:plant-based-spreads,en:oilseed-purees,en:legume-butters,en:peanut-butters"
390100054,IsaLean Bar Chocolate Peanut Butter,,https://images.openfoodfacts.org/images/products/000/039/010/0054/front_en.3.400.jpg,382.35294117647,27.941176470588,44.117647058824,11.764705882353,0.62,tier2,,,,,,,,,,,,,,,https://images.openfoodfacts.org/images/products/000/039/010/0054/front_en.3.200.jpg,,,,,,,,,,,en:us,en:united-states,,
390100055,Chocolate Peanut Butter Isalean Bar,,https://images.openfoodfacts.org/images/products/000/039/010/0055/front_en.3.400.jpg,382.35294117647,27.941176470588,44.117647058824,11.764705882353,0.62,tier2,,,,,,,,,,,,,,,https://images.openfoodfacts.org/images/products/000/039/010/0055/front_en.3.200.jpg,,,,,,,,,,,en:us,en:united-states,,
390100209,Whey thins white cheddar,,https://images.openfoodfacts.org/images/products/000/039/010/0209/front_en.3.400.jpg,400.0,40.0,36.0,12.0,0.62,tier2,,,,,,,,,,,,,,,https://images.openfoodfacts.org/images/products/000/039/010/0209/front_en.3.200.jpg,,,,,,,,,,,en:us,en:united-states,,
390100212,Isalean bar,,https://images.openfoodfacts.org/images/products/000/039/010/0212/front_en.3.400.jpg,390.625,29.6875,42.1875,15.625,0.64,tier2,,,,,,,,,,,,,,,https://images.openfoodfacts.org/images/products/000/039/010/0212/front_en.3.200.jpg,"No gluten, Kosher, No artificial flavors","en:no-gluten,en:kosher,en:no-artificial-flavors",,,,,,,,,en:us,en:united-states,,
390100214,Nature oat bake,,https://images.openfoodfacts.org/images/products/000/039/010/0214/front_en.3.400.jpg,333.33333333333,6.6666666666667,66.666666666667,5.0,0.64,tier2,,,,,,,,,,,,,,,https://images.openfoodfacts.org/images/products/000/039/010/0214/front_en.3.200.jpg,No gluten,en:no-gluten,,,,,,,,,en:us,en:united-states,,
390100215,Nature oat bakes,,https://images.openfoodfacts.org/images/products/000/039/010/0215/front_en.3.400.jpg,333.33333333333,6.6666666666667,66.666666666667,5.0,0.64,tier2,,,,,,,,,,,,,,,https://images.openfoodfacts.org/images/products/000/039/010/0215/front_en.3.200.jpg,No gluten,en:no-gluten,,,,,,,,,en:us,en:united-states,,
390100366,Isalean shake,,https://images.openfoodfacts.org/images/products/000/039/010/0366/front_en.3.400.jpg,393.44262295082,39.344262295082,39.344262295082,9.8360655737705,0.7,tier2,,,,,,,,,,,,,en:dietary-supplements,,https://images.openfoodfacts.org/images/products/000/039/010/0366/front_en.3.200.jpg,,,,,,,,,,,en:us,en:united-states,Dietary supplements,en:dietary-supplements
390100444,Energy shot with natural caffeine + adaptogens,,https://images.openfoodfacts.org/images/products/000/039/010/0444/front_en.3.400.jpg,58.333333333333,0.0,13.333333333333,0.0,0.62,tier2,,,,,,,,,,,,,,,https://images.openfoodfacts.org/images/products/000/039/010/0444/front_en.3.200.jpg,,,,,,,,,,,en:us,en:united-states,,
390100445,E+ shot,,https://images.openfoodfacts.org/images/products/000/039/010/0445/front_en.3.400.jpg,58.333333333333,0.0,13.333333333333,0.0,0.62,tier2,,,,,,,,,,,,,,,https://images.openfoodfacts.org/images/products/000/039/010/0445/front_en.3.200.jpg,,,,,,,,,,,en:us,en:united-states,,
390100503,IsaDelight Milk Chocolate w/ sea salt & caramel flavor,,https://images.openfoodfacts.org/images/products/000/039/010/0503/front_en.3.400.jpg,526.31578947368,8.7719298245614,52.631578947368,35.087719298246,0.64,tier2,,,,,,,,,,,,,,,https://images.openfoodfacts.org/images/products/000/039/010/0503/front_en.3.200.jpg,"No gluten, Kosher, No artificial flavors","en:no-gluten,en:kosher,en:no-artificial-flavors",,,,,,,,,en:us,en:united-states,,
390100618,Thai Sweet chili Harvest Thins,,https://images.openfoodfacts.org/images/products/000/039/010/0618/front_en.3.400.jpg,416.66666666667,45.833333333333,33.333333333333,8.3333333333333,0.62,tier2,,,,,,,,,,,,,,,https://images.openfoodfacts.org/images/products/000/039/010/0618/front_en.3.200.jpg,,,,,,,,,,,en:us,en:united-states,,
390100619,Amped Hydrate,,https://images.openfoodfacts.org/images/products/000/039/010/0619/front_en.3.400.jpg,322.58064516129,0.0,80.645161290323,0.0,0.62,tier2,,,,,,,,,,,,,,,https://images.openfoodfacts.org/images/products/000/039/010/0619/front_en.3.200.jpg,,,,,,,,,,,en:us,en:united-states,,
390100768,Isalean Shake,,https://images.openfoodfacts.org/images/products/000/039/010/0768/front_en.3.400.jpg,406.77966101695,40.677966101695,40.677966101695,8.4745762711864,0.62,tier2,,,,,,,,,,,,,,,https://images.openfoodfacts.org/images/products/000/039/010/0768/front_en.3.200.jpg,,,,,,,,,,,en:us,en:united-states,,
390101468,Amped Repair,,https://images.openfoodfacts.org/images/products/000/039/010/1468/front_en.3.400.jpg,233.33333333333,6.6666666666667,46.666666666667,0.0,0.64,tier2,,,,,,,,,,,,,,,https://images.openfoodfacts.org/images/products/000/039/010/1468/front_en.3.200.jpg,No artificial flavors,en:no-artificial-flavors,,,,,,,,,en:us,en:united-states,,
390101473,Isakids,,https://images.openfoodfacts.org/images/products/000/039/010/1473/front_en.3.400.jpg,404.7619047619,23.809523809524,57.142857142857,9.5238095238095,0.62,tier2,,,,,,,,,,,,,,,https://images.openfoodfacts.org/images/products/000/039/010/1473/front_en.3.200.jpg,,,,,,,,,,,en:us,en:united-states,,
390101474,Isakids super smoothie,,https://images.openfoodfacts.org/images/products/000/039/010/1474/front_en.3.400.jpg,404.7619047619,23.809523809524,57.142857142857,9.5238095238095,0.64,tier2,,,,,,,,,,,,,,,https://images.openfoodfacts.org/images/products/000/039/010/1474/front_en.3.200.jpg,"No gluten, No artificial flavors","en:no-gluten,en:no-artificial-flavors",,,,,,,,,en:us,en:united-states,,
390101555,Whey Thins,,https://images.openfoodfacts.org/images/products/000/039/010/1555/front_en.3.400.jpg,416.66666666667,45.833333333333,33.333333333333,10.416666666667,0.62,tier2,,,,,,,,,,,,,,,https://images.openfoodfacts.org/images/products/000/039/010/1555/front_en.3.200.jpg,,,,,,,,,,,en:us,en:united-states,,
390101615,Isalean shake,Isagenix,https://images.openfoodfacts.org/images/products/000/039/010/1615/front_en.3.400.jpg,400.0,40.0,41.7,8.33,0.74,tier2,2 level scoops (60 g),,,,,,,,,,,,,,https://images.openfoodfacts.org/images/products/000/039/010/1615/front_en.3.200.jpg,,,,,,,,,,,en:us,en:united-states,,
390101617,IsaLean Shake,,https://images.openfoodfacts.org/images/products/000/039/010/1617/front_en.3.400.jpg,393.44262295082,39.344262295082,39.344262295082,9.8360655737705,0.62,tier2,,,,,,,,,,,,,,,https://images.openfoodfacts.org/images/products/000/039/010/1617/front_en.3.200.jpg,,,,,,,,,,,en:us,en:united-states,,
390101619,Isagenix Italian shake,,https://images.openfoodfacts.org/images/products/000/039/010/1619/front_en.3.400.jpg,406.77966101695,40.677966101695,40.677966101695,8.4745762711864,0.62,tier2,,,,,,,,,,,,,,,https://images.openfoodfacts.org/images/products/000/039/010/1619/front_en.3.200.jpg,,,,,,,,,,,en:us,en:united-states,,
390101621,IsaLean Shake,,https://images.openfoodfacts.org/images/products/000/039/010/1621/front_en.3.400.jpg,393.44262295082,39.344262295082,39.344262295082,8.1967213114754,0.72,tier2,,,,,,,,,,,,,en:dietary-supplements,,https://images.openfoodfacts.org/images/products/000/039/010/1621/front_en.3.200.jpg,Kosher,en:kosher,,,,,,,,,en:us,en:united-states,Dietary supplements,en:dietary-supplements
390101627,Isalean Shake creamy dutch chocolate,,https://images.openfoodfacts.org/images/products/000/039/010/1627/front_en.3.400.jpg,393.44262295082,39.344262295082,39.344262295082,9.8360655737705,0.62,tier2,,,,,,,,,,,,,,,https://images.openfoodfacts.org/images/products/000/039/010/1627/front_en.3.200.jpg,,,,,,,,,,,en:us,en:united-states,,
390101635,IsaLean Shake,,https://images.openfoodfacts.org/images/products/000/039/010/1635/front_en.3.400.jpg,406.77966101695,40.677966101695,40.677966101695,8.4745762711864,0.7,tier2,,,,,,,,,,,,,en:dietary-supplements,,https://images.openfoodfacts.org/images/products/000/039/010/1635/front_en.3.200.jpg,,,,,,,,,,,en:us,en:united-states,Dietary supplements,en:dietary-supplements
390101643,ISALEAN cremy French vanilla meal replacement shake,,https://images.openfoodfacts.org/images/products/000/039/010/1643/front_en.3.400.jpg,406.77966101695,40.677966101695,40.677966101695,8.4745762711864,0.62,tier2,,,,,,,,,,,,,,,https://images.openfoodfacts.org/images/products/000/039/010/1643/front_en.3.200.jpg,,,,,,,,,,,en:us,en:united-states,,
390101645,Isagenix,,https://images.openfoodfacts.org/images/products/000/039/010/1645/front_en.3.400.jpg,406.77966101695,40.677966101695,40.677966101695,8.4745762711864,0.62,tier2,,,,,,,,,,,,,,,https://images.openfoodfacts.org/images/products/000/039/010/1645/front_en.3.200.jpg,,,,,,,,,,,en:us,en:united-states,,
390101701,IsaLean PRO Shake,,https://images.openfoodfacts.org/images/products/000/039/010/1701/front_en.3.400.jpg,411.76470588235,52.941176470588,30.882352941176,8.8235294117647,0.62,tier2,,,,,,,,,,,,,,,https://images.openfoodfacts.org/images/products/000/039/010/1701/front_en.3.200.jpg,,,,,,,,,,,en:us,en:united-states,,
390101704,Isalene pro shake,,https://images.openfoodfacts.org/images/products/000/039/010/1704/front_en.3.400.jpg,405.79710144928,52.173913043478,30.434782608696,8.695652173913,0.62,tier2,,,,,,,,,,,,,,,https://images.openfoodfacts.org/images/products/000/039/010/1704/front_en.3.200.jpg,,,,,,,,,,,en:us,en:united-states,,
390101706,IsaLean PRO Shake,,https://images.openfoodfacts.org/images/products/000/039/010/1706/front_en.3.400.jpg,405.79710144928,52.173913043478,30.434782608696,8.695652173913,0.62,tier2,,,,,,,,,,,,,,,https://images.openfoodfacts.org/images/products/000/039/010/1706/front_en.3.200.jpg,,,,,,,,,,,en:us,en:united-states,,
390101710,IsaLean PRO shake,,https://images.openfoodfacts.org/images/products/000/039/010/1710/front_en.3.400.jpg,405.79710144928,52.173913043478,30.434782608696,8.695652173913,0.62,tier2,,,,,,,,,,,,,,,https://images.openfoodfacts.org/images/products/000/039/010/1710/front_en.3.200.jpg,,,,,,,,,,,en:us,en:united-states,,
390101712,Isalean Pro,,https://images.openfoodfacts.org/images/products/000/039/010/1712/front_en.3.400.jpg,405.79710144928,52.173913043478,30.434782608696,8.695652173913,0.62,tier2,,,,,,,,,,,,,,,https://images.openfoodfacts.org/images/products/000/039/010/1712/front_en.3.200.jpg,,,,,,,,,,,en:us,en:united-states,,
390101730,Isalean Shske Birthday Cake,,https://images.openfoodfacts.org/images/products/000/039/010/1730/front_en.3.400.jpg,400.0,40.0,40.0,10.0,0.62,tier2,,,,,,,,,,,,,,,https://images.openfoodfacts.org/images/products/000/039/010/1730/front_en.3.200.jpg,,,,,,,,,,,en:us,en:united-states,,
390101746,AMPED Hydrate,,https://images.openfoodfacts.org/images/products/000/039/010/1746/front_en.3.400.jpg,217.39130434783,0.0,65.217391304348,0.0,0.62,tier2,,,,,,,,,,,,,,,https://images.openfoodfacts.org/images/products/000/039/010/1746/front_en.3.200.jpg,,,,,,,,,,,en:us,en:united-states,,
390101747,Hydrate,,https://images.openfoodfacts.org/images/products/000/039/010/1747/front_en.3.400.jpg,84.745762711864,0.0,67.796610169492,0.0,0.62,tier2,,,,,,,,,,,,,,,https://images.openfoodfacts.org/images/products/000/039/010/1747/front_en.3.200.jpg,,,,,,,,,,,en:us,en:united-states,,
390101752,Matcha,,https://images.openfoodfacts.org/images/products/000/039/010/1752/front_en.3.400.jpg,340.0,20.0,80.0,0.0,0.62,tier2,,,,,,,,,,,,,,,https://images.openfoodfacts.org/images/products/000/039/010/1752/front_en.3.200.jpg,,,,,,,,,,,en:us,en:united-states,,
390101759,Amped,,https://images.openfoodfacts.org/images/products/000/039/010/1759/front_en.3.400.jpg,326.08695652174,0.0,65.217391304348,0.0,0.62,tier2,,,,,,,,,,,,,,,https://images.openfoodfacts.org/images/products/000/039/010/1759/front_en.3.200.jpg,,,,,,,,,,,en:us,en:united-states,,
390101761,Hydrate,,https://images.openfoodfacts.org/images/products/000/039/010/1761/front_en.3.400.jpg,312.5,0.0,78.125,0.0,0.62,tier2,,,,,,,,,,,,,,,https://images.openfoodfacts.org/images/products/000/039/010/1761/front_en.3.200.jpg,,,,,,,,,,,en:us,en:united-states,,
390101762,Amped hydrate,,https://images.openfoodfacts.org/images/products/000/039/010/1762/front_en.3.400.jpg,322.58064516129,0.0,80.645161290323,0.0,0.62,tier2,,,,,,,,,,,,,,,https://images.openfoodfacts.org/images/products/000/039/010/1762/front_en.3.200.jpg,,,,,,,,,,,en:us,en:united-states,,
390101765,Amped Hydrate,,https://images.openfoodfacts.org/images/products/000/039/010/1765/front_en.3.400.jpg,169.49152542373,0.0,67.796610169492,0.0,0.64,tier2,,,,,,,,,,,,,,,https://images.openfoodfacts.org/images/products/000/039/010/1765/front_en.3.200.jpg,"No artificial flavors, No gluten","en:no-gluten,en:no-artificial-flavors",,,,,,,,,en:us,en:united-states,,
390101770,Collagen bone broth,,https://images.openfoodfacts.org/images/products/000/039/010/1770/front_en.3.400.jpg,321.42857142857,57.142857142857,14.285714285714,0.0,0.62,tier2,,,,,,,,,,,,,,,https://images.openfoodfacts.org/images/products/000/039/010/1770/front_en.3.200.jpg,,,,,,,,,,,en:us,en:united-states,,
390101779,Isalean pro shake natural chocolate,,https://images.openfoodfacts.org/images/products/000/039/010/1779/front_en.3.400.jpg,405.79710144928,52.173913043478,30.434782608696,8.695652173913,0.62,tier2,,,,,,,,,,,,,,,https://images.openfoodfacts.org/images/products/000/039/010/1779/front_en.3.200.jpg,,,,,,,,,,,en:us,en:united-states,,
390101785,isapro plant based protein,,https://images.openfoodfacts.org/images/products/000/039/010/1785/front_en.3.400.jpg,400.0,60.0,13.333333333333,10.0,0.7,tier2,,,,,,,,,,,,,en:dietary-supplements,,https://images.openfoodfacts.org/images/products/000/039/010/1785/front_en.3.200.jpg,,,,,,,,,,,en:us,en:united-states,Dietary supplements,en:dietary-supplements
390101786,IsaPro Plant-Based Protien,,https://images.openfoodfacts.org/images/products/000/039/010/1786/front_en.3.400.jpg,3.125,56.25,15.625,9.375,0.62,tier2,,,,,,,,,,,,,,,https://images.openfoodfacts.org/images/products/000/039/010/1786/front_en.3.200.jpg,,,,,,,,,,,en:us,en:united-states,,
390101795,Isalean whole blend plant-based shake,,https://images.openfoodfacts.org/images/products/000/039/010/1795/front_en.3.400.jpg,407.40740740741,44.444444444444,37.037037037037,9.2592592592593,0.62,tier2,,,,,,,,,,,,,,,https://images.openfoodfacts.org/images/products/000/039/010/1795/front_en.3.200.jpg,,,,,,,,,,,en:us,en:united-states,,
390101796,IsaLean Whole Blend,,https://images.openfoodfacts.org/images/products/000/039/010/1796/front_en.3.400.jpg,400.0,43.636363636364,36.363636363636,9.0909090909091,0.62,tier2,,,,,,,,,,,,,,,https://images.openfoodfacts.org/images/products/000/039/010/1796/front_en.3.200.jpg,,,,,,,,,,,en:us,en:united-states,,
390101797,Whole blend plant-based shake rich chocolate,,https://images.openfoodfacts.org/images/products/000/039/010/1797/front_en.3.400.jpg,392.85714285714,42.857142857143,32.142857142857,10.714285714286,0.62,tier2,,,,,,,,,,,,,,,https://images.openfoodfacts.org/images/products/000/039/010/1797/front_en.3.200.jpg,,,,,,,,,,,en:us,en:united-states,,
390101936,BEA Citrus Sunrise,,https://images.openfoodfacts.org/images/products/000/039/010/1936/front_en.3.400.jpg,0.793,0.0,0.952,0.119,0.76,tier2,355mL,,,,,,,,,,,,en:dietary-supplements,,https://images.openfoodfacts.org/images/products/000/039/010/1936/front_en.3.200.jpg,,,,,,,,,,,en:us,en:united-states,Dietary Supplement,en:dietary-supplements
390101965,Snack bites,,https://images.openfoodfacts.org/images/products/000/039/010/1965/front_en.3.400.jpg,357.14285714286,17.857142857143,46.428571428571,14.285714285714,0.62,tier2,,,,,,,,,,,,,,,https://images.openfoodfacts.org/images/products/000/039/010/1965/front_en.3.200.jpg,,,,,,,,,,,en:us,en:united-states,,
390102066,Bea mango,,https://images.openfoodfacts.org/images/products/000/039/010/2066/front_en.3.400.jpg,2.8169014084507,0.0,0.0,0.42253521126761,0.62,tier2,,,,,,,,,,,,,,,https://images.openfoodfacts.org/images/products/000/039/010/2066/front_en.3.200.jpg,,,,,,,,,,,en:us,en:united-states,,
390102077,IsaLean whole blend chocolate shake,,https://images.openfoodfacts.org/images/products/000/039/010/2077/front_en.3.400.jpg,389.83050847458,40.677966101695,37.28813559322,10.169491525424,0.62,tier2,,,,,,,,,,,,,,,https://images.openfoodfacts.org/images/products/000/039/010/2077/front_en.3.200.jpg,,,,,,,,,,,en:us,en:united-states,,
390102107,Isalean chocolate indulgence,,https://images.openfoodfacts.org/images/products/000/039/010/2107/front_en.3.400.jpg,377.04918032787,32.786885245902,40.983606557377,14.754098360656,0.62,tier2,,,,,,,,,,,,,,,https://images.openfoodfacts.org/images/products/000/039/010/2107/front_en.3.200.jpg,,,,,,,,,,,en:us,en:united-states,,
390102108,IsaLean whole blend peanut butter crisp,,https://images.openfoodfacts.org/images/products/000/039/010/2108/front_en.3.400.jpg,377.35849056604,37.735849056604,37.735849056604,13.207547169811,0.7,tier2,,,,,,,,,,,,,en:plant-based-foods,,https://images.openfoodfacts.org/images/products/000/039/010/2108/front_en.3.200.jpg,,,,,,,,,,,en:us,en:united-states,"Plant-based foods and beverages, Plant-based foods","en:plant-based-foods-and-beverages,en:plant-based-foods"
390102111,Whole Blend,,https://images.openfoodfacts.org/images/products/000/039/010/2111/front_en.3.400.jpg,377.04918032787,32.786885245902,40.983606557377,14.754098360656,0.62,tier2,,,,,,,,,,,,,,,https://images.openfoodfacts.org/images/products/000/039/010/2111/front_en.3.200.jpg,,,,,,,,,,,en:us,en:united-states,,
390102112,Isalean Whole Blend whey-based bar,,https://images.openfoodfacts.org/images/products/000/039/010/2112/front_en.3.400.jpg,377.3585,37.7358,37.7358,13.2075,0.62,tier2,,,,,,,,,,,,,,,https://images.openfoodfacts.org/images/products/000/039/010/2112/front_en.3.200.jpg,,,,,,,,,,,en:us,en:united-states,,
390102167,IsaLean whole belnd plant based shake,,https://images.openfoodfacts.org/images/products/000/039/010/2167/front_en.3.400.jpg,415.09433962264,45.283018867925,33.962264150943,9.4339622641509,0.62,tier2,,,,,,,,,,,,,,,https://images.openfoodfacts.org/images/products/000/039/010/2167/front_en.3.200.jpg,,,,,,,,,,,en:us,en:united-states,,
390102200,Whey Birthday cake shake,,https://images.openfoodfacts.org/images/products/000/039/010/2200/front_en.3.400.jpg,403.50877192982,42.105263157895,36.842105263158,10.526315789474,0.7,tier2,,,,,,,,,,,,,en:protein-powders,,https://images.openfoodfacts.org/images/products/000/039/010/2200/front_en.3.200.jpg,,,,,,,,,,,en:us,en:united-states,"Dietary supplements, Bodybuilding supplements, Protein powders","en:dietary-supplements,en:bodybuilding-supplements,en:protein-powders"
390102281,collagen elixir,,https://images.openfoodfacts.org/images/products/000/039/010/2281/front_en.3.400.jpg,104.36234606554,10.436234606554,14.610728449176,0.0,0.62,tier2,,,,,,,,,,,,,,,https://images.openfoodfacts.org/images/products/000/039/010/2281/front_en.3.200.jpg,,,,,,,,,,,en:us,en:united-states,,
390102305,Isalean whole blend plant based shake,,https://images.openfoodfacts.org/images/products/000/039/010/2305/front_en.3.400.jpg,392.85714285714,42.857142857143,32.142857142857,10.714285714286,0.62,tier2,,,,,,,,,,,,,,,https://images.openfoodfacts.org/images/products/000/039/010/2305/front_en.3.200.jpg,,,,,,,,,,,en:us,en:united-states,,
390102320,IsaLean whole blend whey based shake,,https://images.openfoodfacts.org/images/products/000/039/010/2320/front_en.3.400.jpg,410.71428571429,42.857142857143,39.285714285714,8.9285714285714,0.7,tier2,,,,,,,,,,,,,en:dietary-supplements,,https://images.openfoodfacts.org/images/products/000/039/010/2320/front_en.3.200.jpg,,,,,,,,,,,en:us,en:united-states,Dietary supplements,en:dietary-supplements
390102333,The plant-base protein snack that satisfies,,https://images.openfoodfacts.org/images/products/000/039/010/2333/front_en.3.400.jpg,416.66666666667,45.833333333333,33.333333333333,14.583333333333,0.62,tier2,,,,,,,,,,,,,,,https://images.openfoodfacts.org/images/products/000/039/010/2333/front_en.3.200.jpg,,,,,,,,,,,en:us,en:united-states,,
390102487,Isagenix IsaLean Bar Chocolate Peanut Crunch,,https://images.openfoodfacts.org/images/products/000/039/010/2487/front_en.3.400.jpg,421.875,28.125,46.875,14.0625,0.62,tier2,,,,,,,,,,,,,,,https://images.openfoodfacts.org/images/products/000/039/010/2487/front_en.3.200.jpg,,,,,,,,,,,en:us,en:united-states,,
390102489,Chocolate Cream Crisp Isalean Bar,,https://images.openfoodfacts.org/images/products/000/039/010/2489/front_en.3.400.jpg,421.875,28.125,43.75,14.0625,0.62,tier2,,,,,,,,,,,,,,,https://images.openfoodfacts.org/images/products/000/039/010/2489/front_en.3.200.jpg,,,,,,,,,,,en:us,en:united-states,,
390102519,Isalean whey based shake,,https://images.openfoodfacts.org/images/products/000/039/010/2519/front_en.3.400.jpg,410.71428571429,42.857142857143,37.5,10.714285714286,0.62,tier2,,,,,,,,,,,,,,,https://images.openfoodfacts.org/images/products/000/039/010/2519/front_en.3.200.jpg,,,,,,,,,,,en:us,en:united-states,,
390102537,Isalean Whole Blend Lemon Sorbet plant based,,https://images.openfoodfacts.org/images/products/000/039/010/2537/front_en.3.400.jpg,415.09433962264,45.283018867925,37.735849056604,9.4339622641509,0.62,tier2,,,,,,,,,,,,,,,https://images.openfoodfacts.org/images/products/000/039/010/2537/front_en.3.200.jpg,,,,,,,,,,,en:us,en:united-states,,
390102569,Greens,,https://images.openfoodfacts.org/images/products/000/039/010/2569/front_en.3.400.jpg,300.0,20.0,50.0,0.0,0.62,tier2,,,,,,,,,,,,,,,https://images.openfoodfacts.org/images/products/000/039/010/2569/front_en.3.200.jpg,,,,,,,,,,,en:us,en:united-states,,
390102638,Isalean whole blend pumpkin spice latte,,https://images.openfoodfacts.org/images/products/000/039/010/2638/front_en.3.400.jpg,403.50877192982,42.105263157895,38.59649122807,8.7719298245614,0.62,tier2,,,,,,,,,,,,,,,https://images.openfoodfacts.org/images/products/000/039/010/2638/front_en.3.200.jpg,,,,,,,,,,,en:us,en:united-states,,
390102706,Isagenix,,https://images.openfoodfacts.org/images/products/000/039/010/2706/front_en.3.400.jpg,393.44262295082,39.344262295082,39.344262295082,9.8360655737705,0.62,tier2,,,,,,,,,,,,,,,https://images.openfoodfacts.org/images/products/000/039/010/2706/front_en.3.200.jpg,,,,,,,,,,,en:us,en:united-states,,
390102736,Creamy Dutch Chocolate Shake,,https://images.openfoodfacts.org/images/products/000/039/010/2736/front_en.3.400.jpg,389.83050847458,40.677966101695,37.28813559322,10.169491525424,0.62,tier2,,,,,,,,,,,,,,,https://images.openfoodfacts.org/images/products/000/039/010/2736/front_en.3.200.jpg,,,,,,,,,,,en:us,en:united-states,,
390102738,Whey-Based Whle Blend Shake Creamy French Vanilla,,https://images.openfoodfacts.org/images/products/000/039/010/2738/front_en.3.400.jpg,403.50877192982,42.105263157895,38.59649122807,10.526315789474,0.62,tier2,,,,,,,,,,,,,,,https://images.openfoodfacts.org/images/products/000/039/010/2738/front_en.3.200.jpg,,,,,,,,,,,en:us,en:united-states,,
390102744,Birthday Cake Flavor Protein,,https://images.openfoodfacts.org/images/products/000/039/010/2744/front_en.3.400.jpg,403.50877192982,42.105263157895,36.842105263158,10.526315789474,0.7,tier2,,,,,,,,,,,,,en:dietary-supplements,,https://images.openfoodfacts.org/images/products/000/039/010/2744/front_en.3.200.jpg,,,,,,,,,,,en:us,en:united-states,Dietary supplements,en:dietary-supplements
390102746,Isalean plant based whole boend shake,,https://images.openfoodfacts.org/images/products/000/039/010/2746/front_en.3.400.jpg,407.40740740741,44.444444444444,37.037037037037,9.2592592592593,0.62,tier2,,,,,,,,,,,,,,,https://images.openfoodfacts.org/images/products/000/039/010/2746/front_en.3.200.jpg,,,,,,,,,,,en:us,en:united-states,,
390102748,Isalean Plant-Based Whole Blend Protein Shake (Vanilla Chai),,https://images.openfoodfacts.org/images/products/000/039/010/2748/front_en.3.400.jpg,400.0,43.636363636364,36.363636363636,9.0909090909091,0.62,tier2,,,,,,,,,,,,,,,https://images.openfoodfacts.org/images/products/000/039/010/2748/front_en.3.200.jpg,,,,,,,,,,,en:us,en:united-states,,
390102750,Isagenix shake,,https://images.openfoodfacts.org/images/products/000/039/010/2750/front_en.3.400.jpg,392.85714285714,42.857142857143,32.142857142857,10.714285714286,0.62,tier2,,,,,,,,,,,,,,,https://images.openfoodfacts.org/images/products/000/039/010/2750/front_en.3.200.jpg,,,,,,,,,,,en:us,en:united-states,,
390102780,Snack bites,,https://images.openfoodfacts.org/images/products/000/039/010/2780/front_en.3.400.jpg,357.14285714286,17.857142857143,46.428571428571,16.071428571429,0.62,tier2,,,,,,,,,,,,,,,https://images.openfoodfacts.org/images/products/000/039/010/2780/front_en.3.200.jpg,,,,,,,,,,,en:us,en:united-states,,
390102817,Isalean whey based Hokey Pokey,,https://images.openfoodfacts.org/images/products/000/039/010/2817/front_en.3.400.jpg,400.0,40.0,40.0,8.3333333333333,0.62,tier2,,,,,,,,,,,,,,,https://images.openfoodfacts.org/images/products/000/039/010/2817/front_en.3.200.jpg,,,,,,,,,,,en:us,en:united-states,,
390102821,IsALean,,https://images.openfoodfacts.org/images/products/000/039/010/2821/front_en.3.400.jpg,406.77966101695,40.677966101695,40.677966101695,10.169491525424,0.62,tier2,,,,,,,,,,,,,,,https://images.openfoodfacts.org/images/products/000/039/010/2821/front_en.3.200.jpg,,,,,,,,,,,en:us,en:united-states,,
390102830,Isalean Whole Blend Plant based Blueberry Muffib,,https://images.openfoodfacts.org/images/products/000/039/010/2830/front_en.3.400.jpg,407.40740740741,44.444444444444,37.037037037037,9.2592592592593,0.62,tier2,,,,,,,,,,,,,,,https://images.openfoodfacts.org/images/products/000/039/010/2830/front_en.3.200.jpg,,,,,,,,,,,en:us,en:united-states,,
390102859,Isagenix Isalean Banana Bread plant based,,https://images.openfoodfacts.org/images/products/000/039/010/2859/front_en.3.400.jpg,415.09433962264,45.283018867925,33.962264150943,9.4339622641509,0.62,tier2,,,,,,,,,,,,,,,https://images.openfoodfacts.org/images/products/000/039/010/2859/front_en.3.200.jpg,,,,,,,,,,,en:us,en:united-states,,
390102880,Plant-Based Snack Bites (Cinnamon Roll Flavor),,https://images.openfoodfacts.org/images/products/000/039/010/2880/front_en.3.400.jpg,392.85714285714,17.857142857143,50.0,17.857142857143,0.62,tier2,,,,,,,,,,,,,,,https://images.openfoodfacts.org/images/products/000/039/010/2880/front_en.3.200.jpg,,,,,,,,,,,en:us,en:united-states,,
390103125,Chocolate Walnut Bliss Snack Bites,,https://images.openfoodfacts.org/images/products/000/039/010/3125/front_en.3.400.jpg,393.0,17.9,46.4,21.4,0.76,tier2,1 pieces (28g),,,,,,,,,,,,en:sweet-snacks,,https://images.openfoodfacts.org/images/products/000/039/010/3125/front_en.3.200.jpg,,,,,,,,,,,United States,en:united-states,"Snacks, Sweet snacks","en:snacks,en:sweet-snacks"
390103234,isalean cinnamon churro,,https://images.openfoodfacts.org/images/products/000/039/010/3234/front_en.3.400.jpg,384.61538461538,23.076923076923,43.076923076923,18.461538461538,0.62,tier2,,,,,,,,,,,,,,,https://images.openfoodfacts.org/images/products/000/039/010/3234/front_en.3.200.jpg,,,,,,,,,,,en:us,en:united-states,,
390103235,Plant based Cinnamon Churro,,https://images.openfoodfacts.org/images/products/000/039/010/3235/front_en.3.400.jpg,384.61538461538,23.076923076923,43.076923076923,3.0769230769231,0.64,tier2,,,,,,,,,,,,,,,https://images.openfoodfacts.org/images/products/000/039/010/3235/front_en.3.200.jpg,"No gluten, Vegetarian, Vegan","en:no-gluten,en:vegetarian,en:vegan",,,,,,,,,en:us,en:united-states,,
390103237,Isalean chocolate fudge brownie protein bar,,https://images.openfoodfacts.org/images/products/000/039/010/3237/front_en.3.400.jpg,384.61538461538,23.076923076923,41.538461538462,3.0769230769231,0.62,tier2,,,,,,,,,,,,,,,https://images.openfoodfacts.org/images/products/000/039/010/3237/front_en.3.200.jpg,,,,,,,,,,,en:us,en:united-states,,
390103238,Bea Biotics,,https://images.openfoodfacts.org/images/products/000/039/010/3238/front_en.3.400.jpg,6.5104166666667,0.0,2.0833333333333,0.0,0.62,tier2,,,,,,,,,,,,,,,https://images.openfoodfacts.org/images/products/000/039/010/3238/front_en.3.200.jpg,,,,,,,,,,,en:us,en:united-states,,
390201017,Cleanse for Life,,https://images.openfoodfacts.org/images/products/000/039/020/1017/front_en.3.400.jpg,33.898305084746,0.0,8.4745762711864,0.0,0.62,tier2,,,,,,,,,,,,,,,https://images.openfoodfacts.org/images/products/000/039/020/1017/front_en.3.200.jpg,,,,,,,,,,,en:us,en:united-states,,
390201057,Ionix Supreme,,https://images.openfoodfacts.org/images/products/000/039/020/1057/front_en.3.400.jpg,66.666666666667,0.0,16.666666666667,0.0,0.62,tier2,,,,,,,,,,,,,,,https://images.openfoodfacts.org/images/products/000/039/020/1057/front_en.3.200.jpg,,,,,,,,,,,en:us,en:united-states,,
390203711,Whey Thins,,https://images.openfoodfacts.org/images/products/000/039/020/3711/front_en.3.400.jpg,400.0,40.0,40.0,12.0,0.62,tier2,,,,,,,,,,,,,,,https://images.openfoodfacts.org/images/products/000/039/020/3711/front_en.3.200.jpg,,,,,,,,,,,en:us,en:united-states,,
390299890,AMPED Hydrate,,https://images.openfoodfacts.org/images/products/000/039/029/9890/front_en.3.400.jpg,350.0,0.0,90.0,0.0,0.62,tier2,,,,,,,,,,,,,,,https://images.openfoodfacts.org/images/products/000/039/029/9890/front_en.3.200.jpg,,,,,,,,,,,en:us,en:united-states,,
390299898,Amped Hydrate - Juicy Orange,,https://images.openfoodfacts.org/images/products/000/039/029/9898/front_en.3.400.jpg,480.0,0.0,90.0,0.0,0.62,tier2,,,,,,,,,,,,,,,https://images.openfoodfacts.org/images/products/000/039/029/9898/front_en.3.200.jpg,,,,,,,,,,,en:us,en:united-states,,
390331114,IsaDelight Milk Chocolate with Sea Salt and Caramel flavor,,https://images.openfoodfacts.org/images/products/000/039/033/1114/front_en.3.400.jpg,526.31578947368,8.7719298245614,52.631578947368,30.701754385965,0.62,tier2,,,,,,,,,,,,,,,https://images.openfoodfacts.org/images/products/000/039/033/1114/front_en.3.200.jpg,,,,,,,,,,,en:us,en:united-states,,
390331328,IsaDelight,,https://images.openfoodfacts.org/images/products/000/039/033/1328/front_en.3.400.jpg,526.3158070854,8.77193011809,52.63158070854,26.31579035427,0.62,tier2,,,,,,,,,,,,,,,https://images.openfoodfacts.org/images/products/000/039/033/1328/front_en.3.200.jpg,,,,,,,,,,,en:us,en:united-states,,
390331367,Whey protein,,https://images.openfoodfacts.org/images/products/000/039/033/1367/front_en.3.400.jpg,393.4426,39.3443,39.3443,9.8361,0.62,tier2,,,,,,,,,,,,,,,https://images.openfoodfacts.org/images/products/000/039/033/1367/front_en.3.200.jpg,,,,,,,,,,,en:us,en:united-states,,
390331368,Isa lean shake,,https://images.openfoodfacts.org/images/products/000/039/033/1368/front_en.3.400.jpg,400.0,40.0,40.0,8.3333333333333,0.62,tier2,,,,,,,,,,,,,,,https://images.openfoodfacts.org/images/products/000/039/033/1368/front_en.3.200.jpg,,,,,,,,,,,en:us,en:united-states,,
390331371,Isalean Shake,,https://images.openfoodfacts.org/images/products/000/039/033/1371/front_en.3.400.jpg,400.0,40.0,40.0,8.3333333333333,0.62,tier2,,,,,,,,,,,,,,,https://images.openfoodfacts.org/images/products/000/039/033/1371/front_en.3.200.jpg,,,,,,,,,,,en:us,en:united-states,,
390331380,Isolean Shake,,https://images.openfoodfacts.org/images/products/000/039/033/1380/front_en.3.400.jpg,393.44262295082,39.344262295082,39.344262295082,9.8360655737705,0.64,tier2,,,,,,,,,,,,,,,https://images.openfoodfacts.org/images/products/000/039/033/1380/front_en.3.200.jpg,"No artificial flavors, No gluten","en:no-gluten,en:no-artificial-flavors",,,,,,,,,en:us,en:united-states,,
390331381,IsaLean Shake,,https://images.openfoodfacts.org/images/products/000/039/033/1381/front_en.3.400.jpg,393.44262295082,39.344262295082,39.344262295082,9.8360655737705,0.7,tier2,,,,,,,,,,,,,en:dietary-supplements,,https://images.openfoodfacts.org/images/products/000/039/033/1381/front_en.3.200.jpg,,,,,,,,,,,en:us,en:united-states,Dietary supplements,en:dietary-supplements
390331386,Protein shake,,https://images.openfoodfacts.org/images/products/000/039/033/1386/front_en.3.400.jpg,400.0,40.0,40.0,8.3333333333333,0.62,tier2,,,,,,,,,,,,,,,https://images.openfoodfacts.org/images/products/000/039/033/1386/front_en.3.200.jpg,,,,,,,,,,,en:us,en:united-states,,
390351754,French vanilla,,https://images.openfoodfacts.org/images/products/000/039/035/1754/front_en.3.400.jpg,405.79710144928,52.173913043478,30.434782608696,8.695652173913,0.62,tier2,,,,,,,,,,,,,,,https://images.openfoodfacts.org/images/products/000/039/035/1754/front_en.3.200.jpg,,,,,,,,,,,en:us,en:united-states,,
390351755,Cleanse for life,,https://images.openfoodfacts.org/images/products/000/039/035/1755/front_en.3.400.jpg,333.33333333333,0.0,83.333333333333,0.0,0.62,tier2,,,,,,,,,,,,,,,https://images.openfoodfacts.org/images/products/000/039/035/1755/front_en.3.200.jpg,,,,,,,,,,,en:us,en:united-states,,
390351761,Ionix supreme,,https://images.openfoodfacts.org/images/products/000/039/035/1761/front_en.3.400.jpg,33.333333333333,0.0,8.0,0.0,0.62,tier2,,,,,,,,,,,,,,,https://images.openfoodfacts.org/images/products/000/039/035/1761/front_en.3.200.jpg,,,,,,,,,,,en:us,en:united-states,,
390352300,Fiberpro,,https://images.openfoodfacts.org/images/products/000/039/035/2300/front_en.3.400.jpg,333.33333333333,0.0,0.0,0.0,0.62,tier2,,,,,,,,,,,,,,,https://images.openfoodfacts.org/images/products/000/039/035/2300/front_en.3.200.jpg,,,,,,,,,,,en:us,en:united-states,,
390361505,Fruits,Isagenix,https://images.openfoodfacts.org/images/products/000/039/036/1505/front_en.3.400.jpg,389.0,0.0,77.8,0.0,0.74,tier2,2 scoops (9 g),,,,,,,,,,,,,,https://images.openfoodfacts.org/images/products/000/039/036/1505/front_en.3.200.jpg,,,,,,,,,,,en:United States,en:united-states,,
390361506,Isagenix Fruits,,https://images.openfoodfacts.org/images/products/000/039/036/1506/front_en.3.400.jpg,277.77777777778,0.0,55.555555555556,0.0,0.62,tier2,,,,,,,,,,,,,,,https://images.openfoodfacts.org/images/products/000/039/036/1506/front_en.3.200.jpg,,,,,,,,,,,en:us,en:united-states,,
390361513,Greens,,https://images.openfoodfacts.org/images/products/000/039/036/1513/front_en.3.400.jpg,300.0,10.0,50.0,5.0,0.62,tier2,,,,,,,,,,,,,,,https://images.openfoodfacts.org/images/products/000/039/036/1513/front_en.3.200.jpg,,,,,,,,,,,en:us,en:united-states,,
390401550,E+ dietary supplement,,https://images.openfoodfacts.org/images/products/000/039/040/1550/front_en.3.400.jpg,61.728395061728,0.0,14.109347442681,0.0,0.62,tier2,,,,,,,,,,,,,,,https://images.openfoodfacts.org/images/products/000/039/040/1550/front_en.3.200.jpg,,,,,,,,,,,en:us,en:united-states,,
390502256,IsaPRO,,https://images.openfoodfacts.org/images/products/000/039/050/2256/front_en.3.400.jpg,300.0,60.0,6.6666666666667,5.0,0.62,tier2,,,,,,,,,,,,,,,https://images.openfoodfacts.org/images/products/000/039/050/2256/front_en.3.200.jpg,,,,,,,,,,,en:us,en:united-states,,
390502257,IsaPro Whey Protein,,https://images.openfoodfacts.org/images/products/000/039/050/2257/front_en.5.400.jpg,434.78260869565,78.260869565217,8.695652173913,6.5217391304348,0.62,tier2,,,,,,,,,,,,,,,https://images.openfoodfacts.org/images/products/000/039/050/2257/front_en.5.200.jpg,,,,,,,,,,,United States,en:united-states,,
390602460,Isalean bar chocolate decadence,,https://images.openfoodfacts.org/images/products/000/039/060/2460/front_en.3.400.jpg,250.0,18.0,32.0,6.0,0.64,tier2,,,,,,,,,,,,,,,https://images.openfoodfacts.org/images/products/000/039/060/2460/front_en.3.200.jpg,"Sustainable, Sustainable Palm Oil","en:sustainable,en:sustainable-palm-oil",,,,,,,,,en:us,en:united-states,,
390602461,Isagenix Chocolate Decadence,,https://images.openfoodfacts.org/images/products/000/039/060/2461/front_en.3.400.jpg,384.61538461538,27.692307692308,49.230769230769,9.2307692307692,0.62,tier2,,,,,,,,,,,,,,,https://images.openfoodfacts.org/images/products/000/039/060/2461/front_en.3.200.jpg,,,,,,,,,,,en:us,en:united-states,,
390602462,IsaLean Bar Lemon Passion Crunch,,https://images.openfoodfacts.org/images/products/000/039/060/2462/front_en.3.400.jpg,384.61538461538,27.692307692308,49.230769230769,9.2307692307692,0.62,tier2,,,,,,,,,,,,,,,https://images.openfoodfacts.org/images/products/000/039/060/2462/front_en.3.200.jpg,,,,,,,,,,,en:us,en:united-states,,
390602463,Lemon Passion Isalean Bar,,https://images.openfoodfacts.org/images/products/000/039/060/2463/front_en.3.400.jpg,384.61538461538,27.692307692308,49.230769230769,9.2307692307692,0.62,tier2,,,,,,,,,,,,,,,https://images.openfoodfacts.org/images/products/000/039/060/2463/front_en.3.200.jpg,,,,,,,,,,,en:us,en:united-states,,
390602470,IsaLean Bar Chocolate Cream Crisp,,https://images.openfoodfacts.org/images/products/000/039/060/2470/front_en.3.400.jpg,415.38461538462,27.692307692308,43.076923076923,13.846153846154,0.62,tier2,,,,,,,,,,,,,,,https://images.openfoodfacts.org/images/products/000/039/060/2470/front_en.3.200.jpg,,,,,,,,,,,en:us,en:united-states,,
390602472,Peanut chocolate chew,,https://images.openfoodfacts.org/images/products/000/039/060/2472/front_en.3.400.jpg,428.57142857143,17.142857142857,54.285714285714,17.142857142857,0.62,tier2,,,,,,,,,,,,,,,https://images.openfoodfacts.org/images/products/000/039/060/2472/front_en.3.200.jpg,,,,,,,,,,,en:us,en:united-states,,
390602473,Isagenix Fiber snack peanut chocolate chew,,https://images.openfoodfacts.org/images/products/000/039/060/2473/front_en.3.400.jpg,428.57142857143,17.142857142857,54.285714285714,17.142857142857,0.62,tier2,,,,,,,,,,,,,,,https://images.openfoodfacts.org/images/products/000/039/060/2473/front_en.3.200.jpg,,,,,,,,,,,en:us,en:united-states,,
390602474,Fiber snack honey almond crisp,,https://images.openfoodfacts.org/images/products/000/039/060/2474/front_en.3.400.jpg,400.0,20.0,57.142857142857,14.285714285714,0.64,tier2,,,,,,,,,,,,,,,https://images.openfoodfacts.org/images/products/000/039/060/2474/front_en.3.200.jpg,"Sustainable, Kosher, Sustainable Palm Oil","en:sustainable,en:kosher,en:sustainable-palm-oil",,,,,,,,,en:us,en:united-states,,
397361506,Fruirs,,https://images.openfoodfacts.org/images/products/000/039/736/1506/front_en.3.400.jpg,25.0,0.0,5.0,0.0,0.62,tier2,,,,,,,,,,,,,,,https://images.openfoodfacts.org/images/products/000/039/736/1506/front_en.3.200.jpg,,,,,,,,,,,en:us,en:united-states,,
404012968,Saucisse de Vienne,Migros,https://images.openfoodfacts.org/images/products/000/040/401/2968/front_en.3.400.jpg,267.0,14.0,0.899999976158142,23.0,0.76,tier2,50.0g,,,,,,,,,,,,,,https://images.openfoodfacts.org/images/products/000/040/401/2968/front_en.3.200.jpg,,,,,,,,,,Migros,us,en:united-states,,
404441515,Avena-Chocolate,GutBio,https://images.openfoodfacts.org/images/products/000/040/444/1515/front_en.4.400.jpg,484.0,7.59999990463257,56.7999992370605,24.7999992370605,0.74,tier2,25.0g,,,,,,,,,,,,,,https://images.openfoodfacts.org/images/products/000/040/444/1515/front_en.4.200.jpg,,,,,,,,,,,us,en:united-states,,
404662347,Shiny Muesli Bowl,Cocotte,https://images.openfoodfacts.org/images/products/000/040/466/2347/front_en.3.400.jpg,232.0,2.0,28.0,12.0,0.74,tier2,170.0g,,,,,,,,,,,,,,https://images.openfoodfacts.org/images/products/000/040/466/2347/front_en.3.200.jpg,,,,,,,,,,,us,en:united-states,,
405916853,Vegan smoky ham,Quorn,https://images.openfoodfacts.org/images/products/000/040/591/6853/front_en.3.400.jpg,100.0,13.6000003814697,1.60000002384186,2.40000009536743,0.76,tier2,25.0g,,,,,,,,,,,,,,https://images.openfoodfacts.org/images/products/000/040/591/6853/front_en.3.200.jpg,"Vegetarian, No gluten, Vegan","en:no-gluten,en:vegetarian,en:vegan",,,,,,,,,us,en:united-states,,
410000102,Sockeye salmon,,https://images.openfoodfacts.org/images/products/000/041/000/0102/front_en.3.400.jpg,133.80281690141,22.535211267606,0.0,4.9295774647887,0.64,tier2,,,,,,,,,,,,,,,https://images.openfoodfacts.org/images/products/000/041/000/0102/front_en.3.200.jpg,"Sustainable, Sustainable fishery, Sustainable Seafood MSC","en:sustainable,en:sustainable-fishery,en:sustainable-seafood-msc",,MSC-C-50472,msc-c-50472,,,,,,en:us,en:united-states,,
410001307,Crab Cakes,Good Chop,https://images.openfoodfacts.org/images/products/000/041/000/1307/front_en.3.400.jpg,274.0,12.4,18.6,15.9,0.74,tier2,1 cake (113 g),,,,,,,,,,,,,,https://images.openfoodfacts.org/images/products/000/041/000/1307/front_en.3.200.jpg,,,,,,,,,,,en:United States,en:united-states,,
410001505,Steelhead Trout,Good Chop,https://images.openfoodfacts.org/images/products/000/041/000/1505/front_en.3.400.jpg,115.0,21.2,4.42,2.21,0.74,tier2,1 fillet (113 g),,,,,,,,,,,,,,https://images.openfoodfacts.org/images/products/000/041/000/1505/front_en.3.200.jpg,,,,,,,,,,,en:United States,en:united-states,,
410265273,Crispy Crunchy Chocolate Chip Cookies,Trader Joe's,https://images.openfoodfacts.org/images/products/000/041/026/5273/front_en.3.400.jpg,500.0,6.67,63.3,26.7,0.74,tier2,12 cookies (30 g),,,,,,,,,,,,,,https://images.openfoodfacts.org/images/products/000/041/026/5273/front_en.3.200.jpg,,,,,,,,,,,en:United States,en:united-states,,
4106,Blueberry Waffles with Turkey Sausage and Mixed Berry Compote,BistroMD,https://images.openfoodfacts.org/images/products/000/000/000/4106/front_en.5.400.jpg,147.0,8.38,16.2,5.24,0.74,tier2,191 g,,,,,,,,,,,,,,https://images.openfoodfacts.org/images/products/000/000/000/4106/front_en.5.200.jpg,,,,,,,,,,,en:United States,en:united-states,,
422383828,Fruit salad candy,Haribo,https://images.openfoodfacts.org/images/products/000/042/238/3828/front_en.3.400.jpg,344.8275862069,3.448275862069,82.758620689655,0.0,0.68,tier2,,,,,,,,,,,,,,,https://images.openfoodfacts.org/images/products/000/042/238/3828/front_en.3.200.jpg,,,,,,,,,,,en:us,en:united-states,,
433904326,The best chocolate chip cookies in the world,,https://images.openfoodfacts.org/images/products/000/043/390/4326/front_en.3.400.jpg,132.0,2.0,17.0,6.0,0.7,tier2,,,,,,,,,,,,,en:biscuits,,https://images.openfoodfacts.org/images/products/000/043/390/4326/front_en.3.200.jpg,,,,,,,,,,,en:us,en:united-states,"Snacks, Sweet snacks, Biscuits and cakes, Biscuits","en:snacks,en:sweet-snacks,en:biscuits-and-cakes,en:biscuits"
433904425,The best chocolate chip cookies in the world,,https://images.openfoodfacts.org/images/products/000/043/390/4425/front_en.3.400.jpg,132.0,2.0,17.0,6.0,0.7,tier2,,,,,,,,,,,,,en:biscuits,,https://images.openfoodfacts.org/images/products/000/043/390/4425/front_en.3.200.jpg,,,,,,,,,,,en:us,en:united-states,"Snacks, Sweet snacks, Biscuits and cakes, Biscuits","en:snacks,en:sweet-snacks,en:biscuits-and-cakes,en:biscuits"
439616854,Vegan smoky ham slices,Quorn,https://images.openfoodfacts.org/images/products/000/043/961/6854/front_en.3.400.jpg,101.0,14.0,1.70000004768372,2.5,0.76,tier2,25.0g,,,,,,,,,,,,,,https://images.openfoodfacts.org/images/products/000/043/961/6854/front_en.3.200.jpg,"Vegetarian, Vegan","en:vegetarian,en:vegan",,,,,,,,,us,en:united-states,,
441218563,Escalope  nature,Cornatur,https://images.openfoodfacts.org/images/products/000/044/121/8563/front_en.3.400.jpg,96.0,14.0,1.10000002384186,2.70000004768372,0.76,tier2,55.0g,,,,,,,,,,,,,,https://images.openfoodfacts.org/images/products/000/044/121/8563/front_en.3.200.jpg,,,,,,,,,,Migros,us,en:united-states,,
441318543,Aufschnitt mit Peperoni,Migros Cornatur,https://images.openfoodfacts.org/images/products/000/044/131/8543/front_en.3.400.jpg,171.0,15.0,3.09999990463257,9.80000019073486,0.76,tier2,100.0g,,,,,,,,,,,,,,https://images.openfoodfacts.org/images/products/000/044/131/8543/front_en.3.200.jpg,,,,,,,,,,Migros,us,en:united-states,,
441674440,Boneless basted beef join,M&S,https://images.openfoodfacts.org/images/products/000/044/167/4440/front_en.3.400.jpg,108.0,20.8999996185303,1.29999995231628,2.09999990463257,0.74,tier2,225.0g,,,,,,,,,,,,,,https://images.openfoodfacts.org/images/products/000/044/167/4440/front_en.3.200.jpg,,,,,,,,,,,us,en:united-states,,
443328327,Nutriprotect,Meragenics,https://images.openfoodfacts.org/images/products/000/044/332/8327/front_en.3.400.jpg,93.0,11.0,11.3999996185303,1.35000002384186,0.74,tier2,25.0g,,,,,,,,,,,,,,https://images.openfoodfacts.org/images/products/000/044/332/8327/front_en.3.200.jpg,,,,,,,,,,,us,en:united-states,,
444035576,Confiture de figues,Pays gourmand,https://images.openfoodfacts.org/images/products/000/044/403/5576/front_en.3.400.jpg,245.0,0.699999988079071,58.0,0.5,0.74,tier2,330.0g,,,,,,,,,,,,,,https://images.openfoodfacts.org/images/products/000/044/403/5576/front_en.3.200.jpg,,,,,,,,,,,us,en:united-states,,
445054064,Wasabi tempura seaweed crisps,Wasabi,https://images.openfoodfacts.org/images/products/000/044/505/4064/front_en.3.400.jpg,596.0,9.0,45.5999984741211,41.9000015258789,0.74,tier2,20.0g,,,,,,,,,,,,,,https://images.openfoodfacts.org/images/products/000/044/505/4064/front_en.3.200.jpg,,,,,,,,,,,us,en:united-states,,
452418594,Cornatur hack,Migros,https://images.openfoodfacts.org/images/products/000/045/241/8594/front_en.4.400.jpg,92.0,13.0,2.29999995231628,1.70000004768372,0.76,tier2,80.0g,,,,,,,,,,,,,,https://images.openfoodfacts.org/images/products/000/045/241/8594/front_en.4.200.jpg,,,,,,,,,,Migros,us,en:united-states,,
4530,Banana Chips Sweetened (Whole),,https://images.openfoodfacts.org/images/products/000/000/000/4530/front_en.4.400.jpg,536.0,3.57,64.29,28.57,0.76,tier2,28 g (1 ONZ),,0.0,,,,,,,,,,,,https://images.openfoodfacts.org/images/products/000/000/000/4530/front_en.4.200.jpg,,,,,,,,,,,"Vereinigte Staaten von Amerika, Germany","en:germany,en:united-states",,
455918011,Greens super food blend,,https://images.openfoodfacts.org/images/products/000/045/591/8011/front_en.3.400.jpg,350.0,30.0,40.0,0.0,0.62,tier2,,,,,,,,,,,,,,,https://images.openfoodfacts.org/images/products/000/045/591/8011/front_en.3.200.jpg,,,,,,,,,,,en:us,en:united-states,,
456798090,Double Chocolate Chip Cookie,,https://images.openfoodfacts.org/images/products/000/045/679/8090/front_en.3.400.jpg,447.36842105263,5.2631578947368,63.157894736842,21.052631578947,0.64,tier2,,,,,,,,,,,,,,,https://images.openfoodfacts.org/images/products/000/045/679/8090/front_en.3.200.jpg,Kosher,en:kosher,,,,,,,,,en:us,en:united-states,,
457457457,Salsa Chips,,https://images.openfoodfacts.org/images/products/000/045/745/7457/front_en.3.400.jpg,485.71428571429,7.1428571428571,57.142857142857,25.0,0.62,tier2,,,,,,,,,,,,,,,https://images.openfoodfacts.org/images/products/000/045/745/7457/front_en.3.200.jpg,,,,,,,,,,,en:us,en:united-states,,
461490273,Overnight vanilla oats,Trader Joe’s,https://images.openfoodfacts.org/images/products/000/046/149/0273/front_en.3.400.jpg,240.0,8.0,35.0,8.0,0.74,tier2,156.0g,,,,,,,,,,,,,,https://images.openfoodfacts.org/images/products/000/046/149/0273/front_en.3.200.jpg,,,,,,,,,,,us,en:united-states,,
464753293,Fruit and Grain Soft Baked Bar,Aldi,https://images.openfoodfacts.org/images/products/000/046/475/3293/front_en.3.400.jpg,351.35135135135,2.7027027027027,64.864864864865,8.1081081081081,0.68,tier2,,,,,,,,,,,,,,,https://images.openfoodfacts.org/images/products/000/046/475/3293/front_en.3.200.jpg,,,,,,,,,,,en:us,en:united-states,,
4661,Chlorelle Premium -Poudre,,https://images.openfoodfacts.org/images/products/000/000/000/4661/front_en.11.400.jpg,342.0,49.0,15.0,11.0,0.7,tier2,5.0g,,,,,,,,,,,,,,https://images.openfoodfacts.org/images/products/000/000/000/4661/front_en.11.200.jpg,en:pefc,en:pefc,,,,,,,,,us,en:united-states,,
474007970,Tostas Queijo em mental e sementes de abóbora,Gutbio,https://images.openfoodfacts.org/images/products/000/047/400/7970/front_en.3.400.jpg,439.0,17.0,49.0,17.0,0.76,tier2,30.0g,,,,,,,,,,,,,,https://images.openfoodfacts.org/images/products/000/047/400/7970/front_en.3.200.jpg,"Organic, EU Organic, DE-ÖKO-006, Nutriscore, en:nutriscore-grade-c","en:organic,en:eu-organic,en:de-oko-006,en:nutriscore,en:nutriscore-grade-c",,,,,,,,,us,en:united-states,,
474046207,Milsani High Protein Yoghurt Drink. fruits of the Forest,Aldi Milsani,https://images.openfoodfacts.org/images/products/000/047/404/6207/front_en.3.400.jpg,82.0,10.0,7.0,1.5,0.74,tier2,230.0g,,,,,,,,,,,,,,https://images.openfoodfacts.org/images/products/000/047/404/6207/front_en.3.200.jpg,,,,,,,,,,,us,en:united-states,,
475337035,Unleashed pre,,https://images.openfoodfacts.org/images/products/000/047/533/7035/front_en.3.400.jpg,5.7803468208092,0.0,11.560693641618,0.0,0.62,tier2,,,,,,,,,,,,,,,https://images.openfoodfacts.org/images/products/000/047/533/7035/front_en.3.200.jpg,,,,,,,,,,,en:us,en:united-states,,
475337042,ISO FORCE,,https://images.openfoodfacts.org/images/products/000/047/533/7042/front_en.3.400.jpg,363.63636363636,78.787878787879,9.0909090909091,1.5151515151515,0.62,tier2,,,,,,,,,,,,,,,https://images.openfoodfacts.org/images/products/000/047/533/7042/front_en.3.200.jpg,,,,,,,,,,,en:us,en:united-states,,
493181026,Energy Bar,PVM,https://images.openfoodfacts.org/images/products/000/049/318/1026/front_en.3.400.jpg,174.000006781684,5.33333354526096,25.9999995761447,5.33333354526096,0.74,tier2,45.0g,,,,,,,,,,,,,,https://images.openfoodfacts.org/images/products/000/049/318/1026/front_en.3.200.jpg,,,,,,,,,,,us,en:united-states,,
4948,Almond butter chocolate,,https://images.openfoodfacts.org/images/products/000/000/000/4948/front_en.3.400.jpg,571.42857142857,8.5714285714286,54.285714285714,37.142857142857,0.62,tier2,,,,,,,,,,,,,,,https://images.openfoodfacts.org/images/products/000/000/000/4948/front_en.3.200.jpg,,,,,,,,,,,en:us,en:united-states,,
499384773,Lightly Breaded Chicken Breast Fillets,Realgood’s Food Co.,https://images.openfoodfacts.org/images/products/000/049/938/4773/front_en.3.400.jpg,136.0,19.4,4.85,3.88,0.76,tier2,1 fillet (103 g),,,,,,,,,,,,,,https://images.openfoodfacts.org/images/products/000/049/938/4773/front_en.3.200.jpg,en:no-gluten,en:no-gluten,,,,,,,,,en:United States,en:united-states,,
500440481,Mildly Sweet & Spicy Beef & Broccoli,Trader Joe's,https://images.openfoodfacts.org/images/products/000/050/044/0481/front_en.3.400.jpg,198.0,6.9,26.7,6.9,0.74,tier2,6 portion (116 g),,,,,,,,,,,,,,https://images.openfoodfacts.org/images/products/000/050/044/0481/front_en.3.200.jpg,,,,,,,,,,,en:United States,en:united-states,,
501113204,Protein Superfood,Amazing Grass,https://images.openfoodfacts.org/images/products/000/050/111/3204/front_en.3.400.jpg,431.81818181818,45.454545454545,27.272727272727,15.909090909091,0.78,tier2,,,,,,,,,,,,,en:dietary-supplements,,https://images.openfoodfacts.org/images/products/000/050/111/3204/front_en.3.200.jpg,"Organic, Kosher, USDA Organic","en:organic,en:kosher,en:usda-organic",,,,,,,,,en:us,en:united-states,Dietary supplements,en:dietary-supplements
504151710,Beeren -Mischung,Dennree,https://images.openfoodfacts.org/images/products/000/050/415/1710/front_en.3.400.jpg,49.0,1.29999995231628,8.0,0.5,0.74,tier2,100.0g,,,,,,,,,,,,,,https://images.openfoodfacts.org/images/products/000/050/415/1710/front_en.3.200.jpg,,,,,,,,,,,us,en:united-states,,
508038734,Meisterbäckers,Schär,https://images.openfoodfacts.org/images/products/000/050/803/8734/front_en.3.400.jpg,255.172413793103,4.48275845626305,37.9310344827586,7.58620706097833,0.74,tier2,29.0g,,,,,,,,,,,,,,https://images.openfoodfacts.org/images/products/000/050/803/8734/front_en.3.200.jpg,,,,,,,,,,,us,en:united-states,,
510002018,Turkey swill multigrain,,https://images.openfoodfacts.org/images/products/000/051/000/2018/front_en.3.400.jpg,271.6814159292,20.353982300885,37.16814159292,5.3097345132743,0.62,tier2,,,,,,,,,,,,,,,https://images.openfoodfacts.org/images/products/000/051/000/2018/front_en.3.200.jpg,,,,,,,,,,,en:us,en:united-states,,
5210,French Bread,Big Y,https://images.openfoodfacts.org/images/products/000/000/000/5210/front_en.8.400.jpg,254.0,8.96,52.2,0.0,0.74,tier2,1 portion (67 g),,,,,,,,,,,,,,https://images.openfoodfacts.org/images/products/000/000/000/5210/front_en.8.200.jpg,,,,,,,,,,,en:us,en:united-states,,
527551337,Vegetable blend+,,https://images.openfoodfacts.org/images/products/000/052/755/1337/front_en.3.400.jpg,125.0,0.0,62.5,0.0,0.62,tier2,,,,,,,,,,,,,,,https://images.openfoodfacts.org/images/products/000/052/755/1337/front_en.3.200.jpg,,,,,,,,,,,en:us,en:united-states,,
530646921,Mortadella,Grand frais,https://images.openfoodfacts.org/images/products/000/053/064/6921/front_en.3.400.jpg,254.0,21.0,0.699999988079071,19.0,0.74,tier2,100.0g,,,,,,,,,,,,,,https://images.openfoodfacts.org/images/products/000/053/064/6921/front_en.3.200.jpg,,,,,,,,,,,us,en:united-states,,
5371,Chocolat,Fin carre,https://images.openfoodfacts.org/images/products/000/000/000/5371/front_en.3.400.jpg,582.0,9.0,45.0999984741211,39.7000007629395,0.74,tier2,100.0g,,,,,,,,,,,,,,https://images.openfoodfacts.org/images/products/000/000/000/5371/front_en.3.200.jpg,,,,,,,,,,,us,en:united-states,,
540111273,Salat nizza,Sélect&go,https://images.openfoodfacts.org/images/products/000/054/011/1273/front_en.3.400.jpg,104.0,4.4,2.52000007629395,8.11999969482422,0.74,tier2,250.0g,,,,,,,,,,,,,,https://images.openfoodfacts.org/images/products/000/054/011/1273/front_en.3.200.jpg,,,,,,,,,,,us,en:united-states,,
541528650,Scallion Pancakes(Pa Jeon),Trader Joes,https://images.openfoodfacts.org/images/products/000/054/152/8650/front_en.3.400.jpg,210.0,5.0,28.0,9.0,0.74,tier2,400.0g,,,,,,,,,,,,,,https://images.openfoodfacts.org/images/products/000/054/152/8650/front_en.3.200.jpg,,,,,,,,,,,us,en:united-states,,
543825863,Chocolate chunk and almond cookies,Trader joes,https://images.openfoodfacts.org/images/products/000/054/382/5863/front_en.3.400.jpg,140.0,2.0,16.0,8.0,0.74,tier2,3.0g,,,,,,,,,,,,,,https://images.openfoodfacts.org/images/products/000/054/382/5863/front_en.3.200.jpg,,,,,,,,,,,us,en:united-states,,
550009350,Ham Beer Cheese Slider Sándwich,Twenty 4 Seven,https://images.openfoodfacts.org/images/products/000/055/000/9350/front_en.3.400.jpg,228.0,15.9,22.9,8.82,0.74,tier2,1 portion (113.4 g),,,,,,,,,,,,,,https://images.openfoodfacts.org/images/products/000/055/000/9350/front_en.3.200.jpg,,,,,,,,,,,en:United States,en:united-states,,
550009396,Turkey Parmesan Peppercorn Wrap,Market Twenty 4 Seven,https://images.openfoodfacts.org/images/products/000/055/000/9396/front_nl.3.400.jpg,412.0,19.4,32.3,22.3,0.74,tier2,1 container (170.1 g),,,,,,,,,,,,,,https://images.openfoodfacts.org/images/products/000/055/000/9396/front_nl.3.200.jpg,,,,,,,,,,,en:United States,en:united-states,,
550049634,American singles,Trader Joe’s,https://images.openfoodfacts.org/images/products/000/055/004/9634/front_en.3.400.jpg,315.789473684211,21.0526315789474,5.26315789473684,21.0526315789474,0.74,tier2,19.0g,,,,,,,,,,,,,,https://images.openfoodfacts.org/images/products/000/055/004/9634/front_en.3.200.jpg,,,,,,,,,,,us,en:united-states,,
5579,M&ms,M&Ms,https://images.openfoodfacts.org/images/products/000/000/000/5579/front_en.3.400.jpg,500.0,10.714285714286,60.714285714286,25.0,0.68,tier2,,,,,,,,,,,,,,,https://images.openfoodfacts.org/images/products/000/000/000/5579/front_en.3.200.jpg,,,,,,,,,,,en:us,en:united-states,,
5623,CAP’N CRUNCH,,https://images.openfoodfacts.org/images/products/000/000/000/5623/front_en.3.400.jpg,394.73684210526,5.2631578947368,86.842105263158,3.9473684210526,0.7,tier2,,,,,,,,,,,,,en:breakfast-cereals,,https://images.openfoodfacts.org/images/products/000/000/000/5623/front_en.3.200.jpg,,,,,,,,,,,en:us,en:united-states,"Plant-based foods and beverages, Plant-based foods, Breakfasts, Cereals and potatoes, Cereals and their products, Breakfast cereals","en:plant-based-foods-and-beverages,en:plant-based-foods,en:breakfasts,en:cereals-and-potatoes,en:cereals-and-their-products,en:breakfast-cereals"
567078266,Pokébowl,Pokawa,https://images.openfoodfacts.org/images/products/000/056/707/8266/front_en.3.400.jpg,80.0,25.0,15.0,10.0,0.74,tier2,200.0g,,,,,,,,,,,,,,https://images.openfoodfacts.org/images/products/000/056/707/8266/front_en.3.200.jpg,,,,,,,,,,,us,en:united-states,,
